/*
SQLyog Ultimate v12.09 (64 bit)
MySQL - 8.0.30 : Database - idep
*********************************************************************
*/

/*!40101 SET NAMES utf8 */;

/*!40101 SET SQL_MODE=''*/;

/*!40014 SET @OLD_UNIQUE_CHECKS=@@UNIQUE_CHECKS, UNIQUE_CHECKS=0 */;
/*!40014 SET @OLD_FOREIGN_KEY_CHECKS=@@FOREIGN_KEY_CHECKS, FOREIGN_KEY_CHECKS=0 */;
/*!40101 SET @OLD_SQL_MODE=@@SQL_MODE, SQL_MODE='NO_AUTO_VALUE_ON_ZERO' */;
/*!40111 SET @OLD_SQL_NOTES=@@SQL_NOTES, SQL_NOTES=0 */;
CREATE DATABASE /*!32312 IF NOT EXISTS*/`idep` /*!40100 DEFAULT CHARACTER SET utf8mb4 COLLATE utf8mb4_0900_ai_ci */ /*!80016 DEFAULT ENCRYPTION='N' */;

USE `idep`;

/*Data for the table `benchmark` */

insert  into `benchmark`(`id`,`program_id`,`jeniskegiatan_id`,`kegiatan_id`,`desa_id`,`kecamatan_id`,`kabupaten_id`,`provinsi_id`,`tanggalimplementasi`,`handler`,`usercompiler_id`,`score`,`catatanevaluasi`,`area`,`created_at`,`updated_at`) values (1,1,1,2,5104031003,510403,5104,51,'2025-05-31','e',1,'1.00','e',NULL,'2025-05-31 21:15:32','2025-05-31 21:15:39'),(2,1,1,2,5104031003,510403,5104,51,'2025-06-02','hgf',1,'76.00','nbv','jb','2025-06-02 10:50:44','2025-06-02 10:50:44'),(3,1,1,2,5104031003,510403,5104,51,'2025-06-02','ruris',1,'50.00','aman aja','aman aja','2025-06-02 11:55:04','2025-06-02 11:55:04'),(4,8,3,12,9103162003,910316,9103,91,'2025-06-20','Uciha Obito',1,'87.00','Penguatan Penguatan Penguatan Penguatan Penguatan','The report describes aspects of the current state of biodiversity, ecology, sustainable agriculture, local socio-cultural practices, and the sustainable economy in Kapuas Hulu, including the level of awareness among the community regarding those aspects. Moreover, the results also emphasize the need for improvements in community knowledge, attitudes, and practical implementation. Please read the full report here.','2025-06-20 00:52:41','2025-06-20 00:52:41'),(5,8,3,12,9103162003,910316,9103,91,'2025-05-01','Narutooo',3,'77.00','The report describes aspects of the current state of biodiversity, ecology, sustainable agriculture, local socio-cultural practices, and the sustainable economy in Kapuas Hulu, including the level of awareness among the community regarding those aspects. Moreover, the results also emphasize the need for improvements in community knowledge, attitudes, and practical implementation. Please read the full report here.','Using both qualitative and quantitative study methods, the assessment focused on collecting data related to biodiversity, soil health, water conservation, carbon sequestration, and climate change mitigation and adaptation. It identifies areas for improvement in the agricultural systems and proposes strategies to enhance sustainability, environmental management, and community livelihoods based on the existing potential in each location.','2025-06-20 00:54:08','2025-06-20 00:54:08'),(6,9,1,13,5103032008,510303,5103,51,'2025-06-20','Kadek',1,'90.00','Lorem ipsum dolor sit amet, consectetur adipiscing elit.','Lorem ipsum dolor sit amet, consectetur adipiscing elit.','2025-06-20 18:27:06','2025-06-20 18:27:06'),(7,14,3,16,1105072002,110507,1105,11,'2025-06-30','t',1,'5.00','tt','tt','2025-06-30 20:22:18','2025-06-30 20:26:39');

/*Data for the table `feedback` */

insert  into `feedback`(`id`,`program`,`tanggal_registrasi`,`field_office`,`umur`,`penerima`,`sort_of_complaint`,`age_group`,`position`,`tanggal_selesai`,`sex`,`kontak_penerima`,`handler_id`,`phone_number`,`channels`,`position_handler`,`handler_description`,`address`,`other_channel`,`kontak_handler`,`kategori_komplain`,`deskripsi`,`status_complaint`,`is_hidden`,`created_at`,`updated_at`,`program_id`,`nama_pelapor`) values (1,NULL,'2025-10-04','Bali',4,'I Gede Adi Surya Eka Pramana Putra','Kurang Gizi','0 - 17','CEO','2025-12-07','Male','0819919191',4,'081337353585','Help Desk','Staff','compiler','Jl. Kebo Iwa Selatan No.10, Padangsambian, Kec. Denpasar Barat',NULL,'088758656','category_6','compilercompilercompilercompilercompilercompiler','Process',0,'2025-11-02 10:21:10','2026-01-31 03:07:05',1,'Budi'),(2,NULL,'2026-02-01',NULL,16,'I Gede Adi Surya Eka Pramana Putra','Kurang Gizi','0 - 17','CEO','2026-02-08','Male','0819919191',4,'081337353585','WhatsApp','Staff','Handler DescriptionHandler DescriptionHandler Description','Jl. Kebo Iwa Selatan No.10, Padangsambian, Kec. Denpasar Barat',NULL,'08232323','appreciation','Deskripsi Keluhan','Resolved',0,'2026-01-31 02:01:52','2026-01-31 03:05:53',3,'Ryans'),(3,NULL,'2026-01-31','Bali',99,'I Gede Adi Surya Eka Pramana Putra','Kurang Gizi','>60','CEO','2026-02-08','Female','0819919191',4,'081337353585','Face to Face','Staff','Deskripsi Penanganan','Jl. Kebo Iwa Selatan No.10, Padangsambian, Kec. Denpasar Barat',NULL,'08232323','appreciation','Deskripsi Keluhan','Resolved',0,'2026-01-31 02:48:08','2026-01-31 03:03:24',8,'Cross');

/*Data for the table `master_jenis_kelompok` */

insert  into `master_jenis_kelompok`(`id`,`nama`,`aktif`,`created_at`,`updated_at`,`deleted_at`) values (1,'Masyarakat Umum',1,NULL,NULL,NULL),(2,'Kelompok Usaha',1,NULL,NULL,NULL),(3,'CBO',1,NULL,NULL,NULL),(4,'KMPB',1,NULL,NULL,NULL),(5,'Stakeholder Local',1,NULL,NULL,NULL),(6,'Stakeholder Provinsi',1,NULL,NULL,NULL),(7,'Stakeholder Nasional',1,NULL,NULL,NULL),(8,'NGO/CSO',1,NULL,NULL,NULL),(9,'Others / Lainnya',1,NULL,NULL,NULL),(10,'kelompok baru',1,'2025-04-24 18:40:38','2025-04-24 18:40:38',NULL);

/*Data for the table `permission_role` */

insert  into `permission_role`(`id`,`permission_id`,`role_id`,`created_at`,`updated_at`) values (1,1,1,NULL,'2025-12-06 23:19:02'),(2,2,1,NULL,'2025-12-06 23:19:02'),(3,3,1,NULL,'2025-12-06 23:19:02'),(4,4,1,NULL,'2025-12-06 23:19:02'),(5,5,1,NULL,'2025-12-06 23:19:02'),(6,6,1,NULL,'2025-12-06 23:19:02'),(7,7,1,NULL,'2025-12-06 23:19:02'),(8,8,1,NULL,'2025-12-06 23:19:02'),(9,9,1,NULL,'2025-12-06 23:19:02'),(10,10,1,NULL,'2025-12-06 23:19:02'),(11,11,1,NULL,'2025-12-06 23:19:02'),(12,12,1,NULL,'2025-12-06 23:19:02'),(13,13,1,NULL,'2025-12-06 23:19:02'),(14,14,1,NULL,'2025-12-06 23:19:02'),(15,15,1,NULL,'2025-12-06 23:19:02'),(16,16,1,NULL,'2025-12-06 23:19:02'),(17,17,1,NULL,'2025-12-06 23:19:02'),(18,18,1,NULL,'2025-12-06 23:19:02'),(19,19,1,NULL,'2025-12-06 23:19:02'),(20,20,1,NULL,'2025-12-06 23:19:02'),(21,21,1,NULL,'2025-12-06 23:19:02'),(22,22,1,NULL,'2025-12-06 23:19:02'),(23,23,1,NULL,'2025-12-06 23:19:02'),(24,24,1,NULL,'2025-12-06 23:19:02'),(25,25,1,NULL,'2025-12-06 23:19:02'),(26,26,1,NULL,'2025-12-06 23:19:02'),(27,27,1,NULL,'2025-12-06 23:19:02'),(28,28,1,NULL,'2025-12-06 23:19:02'),(29,29,1,NULL,'2025-12-06 23:19:02'),(30,30,1,NULL,'2025-12-06 23:19:02'),(31,31,1,NULL,'2025-12-06 23:19:02'),(32,32,1,NULL,'2025-12-06 23:19:02'),(33,33,1,NULL,'2025-12-06 23:19:02'),(34,34,1,NULL,'2025-12-06 23:19:02'),(35,35,1,NULL,'2025-12-06 23:19:02'),(36,36,1,NULL,'2025-12-06 23:19:02'),(37,37,1,NULL,'2025-12-06 23:19:02'),(38,38,1,NULL,'2025-12-06 23:19:02'),(39,39,1,NULL,'2025-12-06 23:19:02'),(40,40,1,NULL,'2025-12-06 23:19:02'),(41,41,1,NULL,'2025-12-06 23:19:02'),(42,42,1,NULL,'2025-12-06 23:19:02'),(43,43,1,NULL,'2025-12-06 23:19:02'),(44,44,1,NULL,'2025-12-06 23:19:02'),(45,45,1,NULL,'2025-12-06 23:19:02'),(46,46,1,NULL,'2025-12-06 23:19:02'),(47,47,1,NULL,'2025-12-06 23:19:02'),(48,48,1,NULL,'2025-12-06 23:19:02'),(49,49,1,NULL,'2025-12-06 23:19:02'),(50,50,1,NULL,'2025-12-06 23:19:02'),(51,51,1,NULL,'2025-12-06 23:19:02'),(52,52,1,NULL,'2025-12-06 23:19:02'),(53,53,1,NULL,'2025-12-06 23:19:02'),(54,54,1,NULL,'2025-12-06 23:19:02'),(55,55,1,NULL,'2025-12-06 23:19:02'),(56,56,1,NULL,'2025-12-06 23:19:02'),(57,17,2,NULL,'2025-12-06 23:19:10'),(58,18,2,NULL,'2025-12-06 23:19:10'),(59,19,2,NULL,'2025-12-06 23:19:10'),(60,20,2,NULL,'2025-12-06 23:19:10'),(61,21,2,NULL,'2025-12-06 23:19:10'),(62,22,2,NULL,'2025-12-06 23:19:10'),(63,23,2,NULL,'2025-12-06 23:19:10'),(64,24,2,NULL,'2025-12-06 23:19:10'),(65,25,2,NULL,'2025-12-06 23:19:10'),(66,26,2,NULL,'2025-12-06 23:19:10'),(67,27,2,NULL,'2025-12-06 23:19:10'),(68,28,2,NULL,'2025-12-06 23:19:10'),(69,29,2,NULL,'2025-12-06 23:19:10'),(70,30,2,NULL,'2025-12-06 23:19:10'),(71,31,2,NULL,'2025-12-06 23:19:10'),(72,32,2,NULL,'2025-12-06 23:19:10'),(73,33,2,NULL,'2025-12-06 23:19:10'),(74,34,2,NULL,'2025-12-06 23:19:10'),(75,35,2,NULL,'2025-12-06 23:19:10'),(76,36,2,NULL,'2025-12-06 23:19:10'),(77,37,2,NULL,'2025-12-06 23:19:10'),(78,38,2,NULL,'2025-12-06 23:19:10'),(79,39,2,NULL,'2025-12-06 23:19:10'),(80,40,2,NULL,'2025-12-06 23:19:10'),(81,41,2,NULL,'2025-12-06 23:19:10'),(82,42,2,NULL,'2025-12-06 23:19:10'),(83,43,2,NULL,'2025-12-06 23:19:10'),(84,44,2,NULL,'2025-12-06 23:19:10'),(85,45,2,NULL,'2025-12-06 23:19:10'),(86,46,2,NULL,'2025-12-06 23:19:10'),(87,47,2,NULL,'2025-12-06 23:19:10'),(88,48,2,NULL,'2025-12-06 23:19:10'),(89,49,2,NULL,'2025-12-06 23:19:10'),(90,50,2,NULL,'2025-12-06 23:19:10'),(91,51,2,NULL,'2025-12-06 23:19:10'),(92,52,2,NULL,'2025-12-06 23:19:10'),(93,53,2,NULL,'2025-12-06 23:19:10'),(94,54,2,NULL,'2025-12-06 23:19:10'),(95,55,2,NULL,'2025-12-06 23:19:10'),(96,56,2,NULL,'2025-12-06 23:19:10'),(97,1,5,NULL,NULL),(98,1,4,NULL,NULL),(99,6,4,NULL,NULL),(100,11,4,NULL,NULL),(101,16,4,NULL,NULL),(102,18,4,NULL,NULL),(103,20,4,NULL,NULL),(104,24,4,NULL,NULL),(105,29,4,NULL,NULL),(106,34,4,NULL,NULL),(107,39,4,NULL,NULL),(108,57,1,NULL,'2025-12-06 23:19:02'),(109,58,1,NULL,'2025-12-06 23:19:02'),(110,59,1,NULL,'2025-12-06 23:19:02'),(111,60,1,NULL,'2025-12-06 23:19:02'),(112,61,1,NULL,'2025-12-06 23:19:02'),(113,62,1,NULL,'2025-12-06 23:19:02'),(114,63,1,NULL,'2025-12-06 23:19:02'),(115,64,1,NULL,'2025-12-06 23:19:02'),(116,57,2,NULL,'2025-12-06 23:19:10'),(117,58,2,NULL,'2025-12-06 23:19:10'),(118,59,2,NULL,'2025-12-06 23:19:10'),(119,60,2,NULL,'2025-12-06 23:19:10'),(120,61,2,NULL,'2025-12-06 23:19:10'),(121,62,2,NULL,'2025-12-06 23:19:10'),(122,63,2,NULL,'2025-12-06 23:19:10'),(123,64,2,NULL,'2025-12-06 23:19:10'),(124,65,1,NULL,'2025-12-06 23:19:02'),(125,66,1,NULL,'2025-12-06 23:19:02'),(126,67,1,NULL,'2025-12-06 23:19:02'),(127,68,1,NULL,'2025-12-06 23:19:02'),(128,65,2,NULL,'2025-12-06 23:19:10'),(129,66,2,NULL,'2025-12-06 23:19:10'),(130,67,2,NULL,'2025-12-06 23:19:10'),(131,68,2,NULL,'2025-12-06 23:19:10'),(132,69,1,NULL,'2025-12-06 23:19:02'),(133,70,1,NULL,'2025-12-06 23:19:02'),(134,71,1,NULL,'2025-12-06 23:19:02'),(135,72,1,NULL,'2025-12-06 23:19:02'),(136,73,1,NULL,'2025-12-06 23:19:02'),(137,74,1,NULL,'2025-12-06 23:19:02'),(138,75,1,NULL,'2025-12-06 23:19:02'),(139,76,1,NULL,'2025-12-06 23:19:02'),(140,69,2,NULL,'2025-12-06 23:19:10'),(141,70,2,NULL,'2025-12-06 23:19:10'),(142,71,2,NULL,'2025-12-06 23:19:10'),(143,72,2,NULL,'2025-12-06 23:19:10'),(144,73,2,NULL,'2025-12-06 23:19:10'),(145,74,2,NULL,'2025-12-06 23:19:10'),(146,75,2,NULL,'2025-12-06 23:19:10'),(147,76,2,NULL,'2025-12-06 23:19:10'),(148,77,1,NULL,'2025-12-06 23:19:02'),(149,78,1,NULL,'2025-12-06 23:19:02'),(150,79,1,NULL,'2025-12-06 23:19:02'),(151,80,1,NULL,'2025-12-06 23:19:02'),(152,81,1,NULL,'2025-12-06 23:19:02'),(153,82,1,NULL,'2025-12-06 23:19:02'),(154,83,1,NULL,'2025-12-06 23:19:02'),(155,84,1,NULL,'2025-12-06 23:19:02'),(156,77,2,NULL,'2025-12-06 23:19:10'),(157,78,2,NULL,'2025-12-06 23:19:10'),(158,79,2,NULL,'2025-12-06 23:19:10'),(159,80,2,NULL,'2025-12-06 23:19:10'),(160,81,2,NULL,'2025-12-06 23:19:10'),(161,82,2,NULL,'2025-12-06 23:19:10'),(162,83,2,NULL,'2025-12-06 23:19:10'),(163,84,2,NULL,'2025-12-06 23:19:10'),(164,85,1,NULL,'2025-12-06 23:19:02'),(165,86,1,NULL,'2025-12-06 23:19:02'),(166,87,1,NULL,'2025-12-06 23:19:02'),(167,88,1,NULL,'2025-12-06 23:19:02'),(168,89,1,NULL,'2025-12-06 23:19:02'),(169,90,1,NULL,'2025-12-06 23:19:02'),(170,91,1,NULL,'2025-12-06 23:19:02'),(171,92,1,NULL,'2025-12-06 23:19:02'),(172,93,1,NULL,'2025-12-06 23:19:02'),(173,85,2,NULL,'2025-12-06 23:19:10'),(174,86,2,NULL,'2025-12-06 23:19:10'),(175,87,2,NULL,'2025-12-06 23:19:10'),(176,88,2,NULL,'2025-12-06 23:19:10'),(177,89,2,NULL,'2025-12-06 23:19:10'),(178,90,2,NULL,'2025-12-06 23:19:10'),(179,91,2,NULL,'2025-12-06 23:19:10'),(180,92,2,NULL,'2025-12-06 23:19:10'),(181,93,2,NULL,'2025-12-06 23:19:10'),(182,94,1,NULL,'2025-12-06 23:19:02'),(184,11,8,NULL,NULL),(185,16,8,NULL,NULL),(186,20,8,NULL,NULL),(187,24,8,NULL,NULL),(188,29,8,NULL,NULL),(189,95,1,NULL,'2025-12-06 23:19:02'),(191,96,1,NULL,'2025-12-06 23:19:02'),(193,97,1,NULL,'2025-12-06 23:19:02'),(195,6,6,NULL,NULL),(196,11,6,NULL,NULL),(197,16,6,NULL,NULL),(198,18,6,NULL,NULL),(199,20,6,NULL,NULL),(200,24,6,NULL,NULL),(201,29,6,NULL,NULL),(202,2,11,NULL,NULL),(203,7,11,NULL,NULL),(204,12,11,NULL,NULL),(205,28,11,NULL,NULL),(206,30,11,NULL,NULL),(207,35,11,NULL,NULL),(208,40,11,NULL,NULL),(209,45,11,NULL,NULL),(210,50,11,NULL,NULL),(211,54,11,NULL,NULL),(212,3,10,NULL,NULL),(213,8,10,NULL,NULL),(214,13,10,NULL,NULL),(215,19,10,NULL,NULL),(216,21,10,NULL,NULL),(217,25,10,NULL,NULL),(218,31,10,NULL,NULL),(219,36,10,NULL,NULL),(220,41,10,NULL,NULL),(221,46,10,NULL,NULL),(222,4,9,NULL,NULL),(223,9,9,NULL,NULL),(224,14,9,NULL,NULL),(225,17,9,NULL,NULL),(226,22,9,NULL,NULL),(227,26,9,NULL,NULL),(228,32,9,NULL,NULL),(229,37,9,NULL,NULL),(230,42,9,NULL,NULL),(231,47,9,NULL,NULL),(232,18,7,NULL,NULL),(233,20,7,NULL,NULL),(234,24,7,NULL,NULL),(235,29,7,NULL,NULL),(236,34,7,NULL,NULL),(237,39,7,NULL,NULL),(241,1,3,NULL,NULL),(242,6,3,NULL,NULL),(243,11,3,NULL,NULL),(244,16,3,NULL,NULL),(245,18,3,NULL,NULL),(246,20,3,NULL,NULL),(247,24,3,NULL,NULL),(248,29,3,NULL,NULL),(249,34,3,NULL,NULL),(250,39,3,NULL,NULL),(251,98,1,NULL,'2025-12-06 23:19:02'),(252,94,2,NULL,'2025-12-06 23:19:10'),(253,95,2,NULL,'2025-12-06 23:19:10'),(254,96,2,NULL,'2025-12-06 23:19:10'),(255,97,2,NULL,'2025-12-06 23:19:10'),(256,98,2,NULL,'2025-12-06 23:19:10'),(257,99,1,NULL,'2025-12-06 23:19:02'),(258,99,2,NULL,'2025-12-06 23:19:10'),(259,100,1,NULL,'2025-12-06 23:19:02'),(260,100,2,NULL,'2025-12-06 23:19:10'),(261,101,1,NULL,'2025-12-06 23:19:02'),(262,102,1,NULL,'2025-12-06 23:19:02'),(263,103,1,NULL,'2025-12-06 23:19:02'),(264,104,1,NULL,'2025-12-06 23:19:02'),(265,101,2,NULL,'2025-12-06 23:19:10'),(266,102,2,NULL,'2025-12-06 23:19:10'),(267,103,2,NULL,'2025-12-06 23:19:10'),(268,104,2,NULL,'2025-12-06 23:19:10'),(269,105,1,NULL,'2025-12-06 23:19:02'),(270,106,1,NULL,'2025-12-06 23:19:02'),(271,107,1,NULL,'2025-12-06 23:19:02'),(272,108,1,NULL,'2025-12-06 23:19:02'),(273,109,1,NULL,'2025-12-06 23:19:02'),(274,110,1,NULL,'2025-12-06 23:19:02'),(275,105,2,NULL,'2025-12-06 23:19:10'),(276,106,2,NULL,'2025-12-06 23:19:10'),(277,107,2,NULL,'2025-12-06 23:19:10'),(278,108,2,NULL,'2025-12-06 23:19:10'),(279,109,2,NULL,'2025-12-06 23:19:10'),(280,110,2,NULL,'2025-12-06 23:19:10'),(281,1,12,NULL,NULL),(282,4,13,NULL,NULL),(283,65,14,NULL,NULL),(284,66,14,NULL,NULL),(285,67,14,NULL,NULL),(286,68,14,NULL,NULL),(287,69,14,NULL,NULL),(288,70,14,NULL,NULL),(289,71,14,NULL,NULL),(290,72,14,NULL,NULL),(291,73,14,NULL,NULL),(292,74,14,NULL,NULL),(293,85,14,NULL,NULL),(294,86,14,NULL,NULL),(295,87,14,NULL,NULL),(296,88,14,NULL,NULL),(297,89,14,NULL,NULL),(298,90,14,NULL,NULL),(299,91,14,NULL,NULL),(300,92,14,NULL,NULL),(301,93,14,NULL,NULL),(302,111,1,NULL,'2025-12-06 23:19:02'),(303,112,1,NULL,'2025-12-06 23:19:02'),(304,113,1,NULL,'2025-12-06 23:19:02'),(305,114,1,NULL,'2025-12-06 23:19:02'),(306,115,1,NULL,'2025-12-06 23:19:02'),(307,116,1,NULL,'2025-12-06 23:19:02'),(308,117,1,NULL,'2025-12-06 23:19:02'),(309,118,1,NULL,'2025-12-06 23:19:02'),(310,119,1,NULL,'2025-12-06 23:19:02'),(311,120,1,NULL,'2025-12-06 23:19:02'),(312,121,1,NULL,'2025-12-06 23:19:02'),(313,122,1,NULL,'2025-12-06 23:19:02'),(314,123,1,NULL,'2025-12-06 23:19:02'),(315,1,2,NULL,'2025-12-06 23:19:10'),(316,2,2,NULL,'2025-12-06 23:19:10'),(317,3,2,NULL,'2025-12-06 23:19:10'),(318,4,2,NULL,'2025-12-06 23:19:10'),(319,5,2,NULL,'2025-12-06 23:19:10'),(320,6,2,NULL,'2025-12-06 23:19:10'),(321,7,2,NULL,'2025-12-06 23:19:10'),(322,8,2,NULL,'2025-12-06 23:19:10'),(323,9,2,NULL,'2025-12-06 23:19:10'),(324,10,2,NULL,'2025-12-06 23:19:10'),(325,11,2,NULL,'2025-12-06 23:19:10'),(326,12,2,NULL,'2025-12-06 23:19:10'),(327,13,2,NULL,'2025-12-06 23:19:10'),(328,14,2,NULL,'2025-12-06 23:19:10'),(329,15,2,NULL,'2025-12-06 23:19:10'),(330,16,2,NULL,'2025-12-06 23:19:10'),(331,111,2,NULL,'2025-12-06 23:19:10'),(332,112,2,NULL,'2025-12-06 23:19:10'),(333,113,2,NULL,'2025-12-06 23:19:10'),(334,114,2,NULL,'2025-12-06 23:19:10'),(335,115,2,NULL,'2025-12-06 23:19:10'),(336,116,2,NULL,'2025-12-06 23:19:10'),(337,117,2,NULL,'2025-12-06 23:19:10'),(338,118,2,NULL,'2025-12-06 23:19:10'),(339,119,2,NULL,'2025-12-06 23:19:10'),(340,120,2,NULL,'2025-12-06 23:19:10'),(341,121,2,NULL,'2025-12-06 23:19:10'),(342,122,2,NULL,'2025-12-06 23:19:10'),(343,123,2,NULL,'2025-12-06 23:19:10'),(344,124,1,NULL,'2025-12-06 23:19:02'),(345,125,1,NULL,'2025-12-06 23:19:02'),(346,126,1,NULL,'2025-12-06 23:19:02'),(347,127,1,NULL,'2025-12-06 23:19:02'),(348,128,1,NULL,'2025-12-06 23:19:02'),(349,129,1,NULL,'2025-12-06 23:19:02'),(350,130,1,NULL,'2025-12-06 23:19:02'),(351,131,1,NULL,'2025-12-06 23:19:02'),(352,132,1,NULL,'2025-12-06 23:19:02'),(353,133,1,NULL,'2025-12-06 23:19:02'),(354,134,1,NULL,'2025-12-06 23:19:02'),(355,135,1,NULL,'2025-12-06 23:19:02'),(356,136,1,NULL,'2025-12-06 23:19:02'),(357,137,1,NULL,'2025-12-06 23:19:02'),(358,138,1,NULL,'2025-12-06 23:19:02'),(359,139,1,NULL,'2025-12-06 23:19:02'),(360,140,1,NULL,'2025-12-06 23:19:02'),(361,141,1,NULL,'2025-12-06 23:19:02'),(362,142,1,NULL,'2025-12-06 23:19:02'),(363,143,1,NULL,'2025-12-06 23:19:02'),(364,144,1,NULL,'2025-12-06 23:19:02'),(365,145,1,NULL,'2025-12-06 23:19:02'),(366,146,1,NULL,'2025-12-06 23:19:02'),(367,147,1,NULL,'2025-12-06 23:19:02'),(368,148,1,NULL,'2025-12-06 23:19:02'),(369,149,1,NULL,'2025-12-06 23:19:02'),(370,150,1,NULL,'2025-12-06 23:19:02'),(371,151,1,NULL,'2025-12-06 23:19:02'),(372,152,1,NULL,'2025-12-06 23:19:02'),(373,153,1,NULL,'2025-12-06 23:19:02'),(374,154,1,NULL,'2025-12-06 23:19:02'),(375,155,1,NULL,'2025-12-06 23:19:02'),(376,156,1,NULL,'2025-12-06 23:19:02'),(377,157,1,NULL,'2025-12-06 23:19:02'),(378,158,1,NULL,'2025-12-06 23:19:02'),(379,159,1,NULL,'2025-12-06 23:19:02'),(380,160,1,NULL,'2025-12-06 23:19:02'),(381,161,1,NULL,'2025-12-06 23:19:02'),(382,162,1,NULL,'2025-12-06 23:19:02'),(383,163,1,NULL,'2025-12-06 23:19:02'),(384,164,1,NULL,'2025-12-06 23:19:02'),(385,165,1,NULL,'2025-12-06 23:19:02'),(386,124,2,NULL,'2025-12-06 23:19:10'),(387,125,2,NULL,'2025-12-06 23:19:10'),(388,126,2,NULL,'2025-12-06 23:19:10'),(389,127,2,NULL,'2025-12-06 23:19:10'),(390,128,2,NULL,'2025-12-06 23:19:10'),(391,129,2,NULL,'2025-12-06 23:19:10'),(392,130,2,NULL,'2025-12-06 23:19:10'),(393,131,2,NULL,'2025-12-06 23:19:10'),(394,132,2,NULL,'2025-12-06 23:19:10'),(395,133,2,NULL,'2025-12-06 23:19:10'),(396,134,2,NULL,'2025-12-06 23:19:10'),(397,135,2,NULL,'2025-12-06 23:19:10'),(398,136,2,NULL,'2025-12-06 23:19:10'),(399,137,2,NULL,'2025-12-06 23:19:10'),(400,138,2,NULL,'2025-12-06 23:19:10'),(401,139,2,NULL,'2025-12-06 23:19:10'),(402,140,2,NULL,'2025-12-06 23:19:10'),(403,141,2,NULL,'2025-12-06 23:19:10'),(404,142,2,NULL,'2025-12-06 23:19:10'),(405,143,2,NULL,'2025-12-06 23:19:10'),(406,144,2,NULL,'2025-12-06 23:19:10'),(407,145,2,NULL,'2025-12-06 23:19:10'),(408,146,2,NULL,'2025-12-06 23:19:10'),(409,147,2,NULL,'2025-12-06 23:19:10'),(410,148,2,NULL,'2025-12-06 23:19:10'),(411,149,2,NULL,'2025-12-06 23:19:10'),(412,150,2,NULL,'2025-12-06 23:19:10'),(413,151,2,NULL,'2025-12-06 23:19:10'),(414,152,2,NULL,'2025-12-06 23:19:10'),(415,153,2,NULL,'2025-12-06 23:19:10'),(416,154,2,NULL,'2025-12-06 23:19:10'),(417,155,2,NULL,'2025-12-06 23:19:10'),(418,156,2,NULL,'2025-12-06 23:19:10'),(419,157,2,NULL,'2025-12-06 23:19:10'),(420,158,2,NULL,'2025-12-06 23:19:10'),(421,159,2,NULL,'2025-12-06 23:19:10'),(422,160,2,NULL,'2025-12-06 23:19:10'),(423,161,2,NULL,'2025-12-06 23:19:10'),(424,162,2,NULL,'2025-12-06 23:19:10'),(425,163,2,NULL,'2025-12-06 23:19:10'),(426,164,2,NULL,'2025-12-06 23:19:10'),(427,165,2,NULL,'2025-12-06 23:19:10');

/*Data for the table `permissions` */

insert  into `permissions`(`id`,`nama`,`aktif`,`created_at`,`updated_at`,`deleted_at`,`guard_name`) values (1,'user_management_access',1,NULL,'2025-12-06 23:18:52',NULL,'web'),(2,'permission_create',1,NULL,'2025-12-06 23:18:52',NULL,'web'),(3,'permission_edit',1,NULL,'2025-12-06 23:18:52',NULL,'web'),(4,'permission_show',1,NULL,'2025-12-06 23:18:52',NULL,'web'),(5,'permission_delete',1,NULL,'2025-12-06 23:18:52',NULL,'web'),(6,'permission_access',1,NULL,'2025-12-06 23:18:52',NULL,'web'),(7,'role_create',1,NULL,'2025-12-06 23:18:52',NULL,'web'),(8,'role_edit',1,NULL,'2025-12-06 23:18:52',NULL,'web'),(9,'role_show',1,NULL,'2025-12-06 23:18:52',NULL,'web'),(10,'role_delete',1,NULL,'2025-12-06 23:18:52',NULL,'web'),(11,'role_access',1,NULL,'2025-12-06 23:18:52',NULL,'web'),(12,'user_create',1,NULL,'2025-12-06 23:18:52',NULL,'web'),(13,'user_edit',1,NULL,'2025-12-06 23:18:52',NULL,'web'),(14,'user_show',1,NULL,'2025-12-06 23:18:52',NULL,'web'),(15,'user_delete',1,NULL,'2025-12-06 23:18:52',NULL,'web'),(16,'user_access',1,NULL,'2025-12-06 23:18:52',NULL,'web'),(17,'audit_log_show',1,NULL,'2025-12-06 23:18:52',NULL,'web'),(18,'audit_log_access',1,NULL,'2025-12-06 23:18:52',NULL,'web'),(19,'profile_password_edit',1,NULL,'2025-12-06 23:18:52',NULL,'web'),(20,'country_access',1,NULL,'2025-12-06 23:18:52',NULL,'web'),(21,'country_edit',1,NULL,'2025-12-06 23:18:52',NULL,'web'),(22,'country_show',1,NULL,'2025-12-06 23:18:52',NULL,'web'),(23,'country_delete',1,NULL,'2025-12-06 23:18:52',NULL,'web'),(24,'provinsi_access',1,NULL,'2025-12-06 23:18:52',NULL,'web'),(25,'provinsi_edit',1,NULL,'2025-12-06 23:18:52',NULL,'web'),(26,'provinsi_show',1,NULL,'2025-12-06 23:18:52',NULL,'web'),(27,'provinsi_delete',1,NULL,'2025-12-06 23:18:52',NULL,'web'),(28,'provinsi_create',1,NULL,'2025-12-06 23:18:52',NULL,'web'),(29,'kabupaten_access',1,NULL,'2025-12-06 23:18:52',NULL,'web'),(30,'kabupaten_create',1,NULL,'2025-12-06 23:18:52',NULL,'web'),(31,'kabupaten_edit',1,NULL,'2025-12-06 23:18:52',NULL,'web'),(32,'kabupaten_show',1,NULL,'2025-12-06 23:18:52',NULL,'web'),(33,'kabupaten_delete',1,NULL,'2025-12-06 23:18:52',NULL,'web'),(34,'kecamatan_access',1,NULL,'2025-12-06 23:18:52',NULL,'web'),(35,'kecamatan_create',1,NULL,'2025-12-06 23:18:52',NULL,'web'),(36,'kecamatan_edit',1,NULL,'2025-12-06 23:18:52',NULL,'web'),(37,'kecamatan_show',1,NULL,'2025-12-06 23:18:52',NULL,'web'),(38,'kecamatan_delete',1,NULL,'2025-12-06 23:18:52',NULL,'web'),(39,'desa_access',1,NULL,'2025-12-06 23:18:52',NULL,'web'),(40,'desa_create',1,NULL,'2025-12-06 23:18:52',NULL,'web'),(41,'desa_edit',1,NULL,'2025-12-06 23:18:52',NULL,'web'),(42,'desa_show',1,NULL,'2025-12-06 23:18:52',NULL,'web'),(43,'desa_delete',1,NULL,'2025-12-06 23:18:52',NULL,'web'),(44,'dusun_access',1,NULL,'2025-12-06 23:18:52',NULL,'web'),(45,'dusun_create',1,NULL,'2025-12-06 23:18:52',NULL,'web'),(46,'dusun_edit',1,NULL,'2025-12-06 23:18:52',NULL,'web'),(47,'dusun_show',1,NULL,'2025-12-06 23:18:52',NULL,'web'),(48,'dusun_delete',1,NULL,'2025-12-06 23:18:52',NULL,'web'),(49,'partner_access',1,NULL,'2025-12-06 23:18:52',NULL,'web'),(50,'partner_create',1,NULL,'2025-12-06 23:18:52',NULL,'web'),(51,'partner_edit',1,NULL,'2025-12-06 23:18:52',NULL,'web'),(52,'partner_delete',1,NULL,'2025-12-06 23:18:52',NULL,'web'),(53,'jabatan_access',1,NULL,'2025-12-06 23:18:52',NULL,'web'),(54,'jabatan_create',1,NULL,'2025-12-06 23:18:52',NULL,'web'),(55,'jabatan_edit',1,NULL,'2025-12-06 23:18:52',NULL,'web'),(56,'jabatan_delete',1,NULL,'2025-12-06 23:18:52',NULL,'web'),(57,'target_reinstra_access',1,NULL,'2025-12-06 23:18:52',NULL,'web'),(58,'target_reinstra_create',1,'2024-09-27 23:52:14','2025-12-06 23:18:52',NULL,'web'),(59,'target_reinstra_edit',1,'2024-09-27 23:52:14','2025-12-06 23:18:52',NULL,'web'),(60,'target_reinstra_delete',1,'2024-09-27 23:52:14','2025-12-06 23:18:52',NULL,'web'),(61,'satuan_access',1,'2024-09-27 23:52:14','2025-12-06 23:18:52',NULL,'web'),(62,'satuan_create',1,'2024-09-27 23:52:14','2025-12-06 23:18:52',NULL,'web'),(63,'satuan_edit',1,'2024-09-27 23:52:14','2025-12-06 23:18:52',NULL,'web'),(64,'satuan_delete',1,'2024-09-27 23:52:14','2025-12-06 23:18:52',NULL,'web'),(65,'program_access',1,'2024-10-09 10:51:03','2025-12-06 23:18:52',NULL,'web'),(66,'program_create',1,'2024-10-09 10:51:03','2025-12-06 23:18:52',NULL,'web'),(67,'program_edit',1,'2024-10-09 10:51:03','2025-12-06 23:18:52',NULL,'web'),(68,'program_details_edit',1,'2024-10-09 10:51:03','2025-12-06 23:18:52',NULL,'web'),(69,'program_outcome_access',1,'2024-10-31 22:15:23','2025-12-06 23:18:52',NULL,'web'),(70,'program_outcome_create',1,'2024-10-31 22:15:23','2025-12-06 23:18:52',NULL,'web'),(71,'program_outcome_edit',1,'2024-10-31 22:15:23','2025-12-06 23:18:52',NULL,'web'),(72,'program_outcome_delete',1,'2024-10-31 22:15:23','2025-12-06 23:18:52',NULL,'web'),(73,'program_outcome_details_edit',1,'2024-10-31 22:15:23','2025-12-06 23:18:52',NULL,'web'),(74,'program_outcome_details_delete',1,'2024-10-31 22:15:23','2025-12-06 23:18:52',NULL,'web'),(75,'program_outcome_details_show',1,'2024-10-31 22:15:23','2025-12-06 23:18:52',NULL,'web'),(76,'program_outcome_details_create',1,'2024-10-31 22:15:23','2025-12-06 23:18:52',NULL,'web'),(77,'program_output_create',1,'2024-11-05 10:00:56','2025-12-06 23:18:52',NULL,'web'),(78,'program_output_edit',1,'2024-11-05 10:00:56','2025-12-06 23:18:52',NULL,'web'),(79,'program_output_delete',1,'2024-11-05 10:00:56','2025-12-06 23:18:52',NULL,'web'),(80,'program_output_show',1,'2024-11-05 10:00:56','2025-12-06 23:18:52',NULL,'web'),(81,'program_output_access',1,'2024-11-05 10:00:56','2025-12-06 23:18:52',NULL,'web'),(82,'program_output_details_edit',1,'2024-11-05 10:00:57','2025-12-06 23:18:52',NULL,'web'),(83,'program_output_details_delete',1,'2024-11-05 10:00:57','2025-12-06 23:18:52',NULL,'web'),(84,'program_output_details_show',1,'2024-11-05 10:00:57','2025-12-06 23:18:52',NULL,'web'),(85,'kegiatan_create',1,'2024-11-25 12:10:52','2025-12-06 23:18:52',NULL,'web'),(86,'kegiatan_edit',1,'2024-11-25 12:10:52','2025-12-06 23:18:52',NULL,'web'),(87,'kegiatan_delete',1,'2024-11-25 12:10:52','2025-12-06 23:18:52',NULL,'web'),(88,'kegiatan_show',1,'2024-11-25 12:10:52','2025-12-06 23:18:52',NULL,'web'),(89,'kegiatan_access',1,'2024-11-25 12:10:52','2025-12-06 23:18:52',NULL,'web'),(90,'kegiatan_details_edit',1,'2024-11-25 12:10:52','2025-12-06 23:18:52',NULL,'web'),(91,'kegiatan_details_delete',1,'2024-11-25 12:10:52','2025-12-06 23:18:52',NULL,'web'),(92,'kegiatan_details_show',1,'2024-11-25 12:10:52','2025-12-06 23:18:52',NULL,'web'),(93,'kegiatan_report',1,'2024-11-25 12:10:52','2025-12-06 23:18:52',NULL,'web'),(94,'meals_access',1,NULL,'2025-12-06 23:18:52',NULL,'web'),(95,'meals_create',1,NULL,'2025-12-06 23:18:52',NULL,'web'),(96,'meals_index',1,NULL,'2025-12-06 23:18:52',NULL,'web'),(97,'meals_show',1,NULL,'2025-12-06 23:18:52',NULL,'web'),(98,'meals_edit',1,NULL,'2025-12-06 23:18:52',NULL,'web'),(99,'beneficiary',1,NULL,'2025-12-06 23:18:52',NULL,'web'),(100,'beneficiary_access',1,NULL,'2025-12-06 23:18:52',NULL,'web'),(101,'beneficiary_index',1,'2025-02-10 17:07:48','2025-12-06 23:18:52',NULL,'web'),(102,'beneficiary_create',1,'2025-02-10 17:07:48','2025-12-06 23:18:52',NULL,'web'),(103,'beneficiary_edit',1,'2025-02-10 17:07:48','2025-12-06 23:18:52',NULL,'web'),(104,'beneficiary_show',1,'2025-02-10 17:07:48','2025-12-06 23:18:52',NULL,'web'),(105,'komponenmodel_access',1,'2025-03-18 15:21:30','2025-12-06 23:18:52',NULL,'web'),(106,'komponenmodel_create',1,'2025-03-18 15:21:30','2025-12-06 23:18:52',NULL,'web'),(107,'komponenmodel_index',1,'2025-03-18 15:21:30','2025-12-06 23:18:52',NULL,'web'),(108,'komponenmodel_show',1,'2025-03-18 15:21:30','2025-12-06 23:18:52',NULL,'web'),(109,'komponenmodel_edit',1,'2025-03-18 15:21:30','2025-12-06 23:18:52',NULL,'web'),(110,'komponenmodel_delete',1,'2025-03-18 15:21:30','2025-12-06 23:18:52',NULL,'web'),(111,'prepostl_access',1,'2025-09-18 22:06:40','2025-12-06 23:18:52',NULL,'web'),(112,'prepostl_create',1,'2025-09-18 22:06:40','2025-12-06 23:18:52',NULL,'web'),(113,'prepostl_index',1,'2025-09-18 22:06:40','2025-12-06 23:18:52',NULL,'web'),(114,'prepostl_show',1,'2025-09-18 22:06:40','2025-12-06 23:18:52',NULL,'web'),(115,'prepostl_edit',1,'2025-09-18 22:06:40','2025-12-06 23:18:52',NULL,'web'),(116,'prepostl_delete',1,'2025-09-18 22:06:40','2025-12-06 23:18:52',NULL,'web'),(117,'program_status_edit',1,'2025-09-18 22:06:40','2025-12-06 23:18:52',NULL,'web'),(118,'kegiatan_status_edit',1,'2025-09-18 22:06:40','2025-12-06 23:18:52',NULL,'web'),(119,'program_delete',1,'2025-09-18 22:12:54','2025-12-06 23:18:52',NULL,'web'),(120,'program_details_access',1,'2025-09-18 22:12:54','2025-12-06 23:18:52',NULL,'web'),(121,'program_outcome_details_access',1,'2025-09-18 22:12:54','2025-12-06 23:18:52',NULL,'web'),(122,'program_output_details_access',1,'2025-09-18 22:12:54','2025-12-06 23:18:52',NULL,'web'),(123,'kegiatan_details_access',1,'2025-09-18 22:12:54','2025-12-06 23:18:52',NULL,'web'),(124,'marjinal_access',1,'2025-12-06 23:18:52','2025-12-06 23:18:52',NULL,'web'),(125,'marjinal_edit',1,'2025-12-06 23:18:52','2025-12-06 23:18:52',NULL,'web'),(126,'marjinal_show',1,'2025-12-06 23:18:52','2025-12-06 23:18:52',NULL,'web'),(127,'marjinal_create',1,'2025-12-06 23:18:52','2025-12-06 23:18:52',NULL,'web'),(128,'kategoridonor_access',1,'2025-12-06 23:18:52','2025-12-06 23:18:52',NULL,'web'),(129,'kategoridonor_create',1,'2025-12-06 23:18:52','2025-12-06 23:18:52',NULL,'web'),(130,'kategoridonor_edit',1,'2025-12-06 23:18:52','2025-12-06 23:18:52',NULL,'web'),(131,'kategoridonor_show',1,'2025-12-06 23:18:52','2025-12-06 23:18:52',NULL,'web'),(132,'pendonor_access',1,'2025-12-06 23:18:52','2025-12-06 23:18:52',NULL,'web'),(133,'pendonor_create',1,'2025-12-06 23:18:52','2025-12-06 23:18:52',NULL,'web'),(134,'pendonor_edit',1,'2025-12-06 23:18:52','2025-12-06 23:18:52',NULL,'web'),(135,'pendonor_show',1,'2025-12-06 23:18:52','2025-12-06 23:18:52',NULL,'web'),(136,'partner_show',1,'2025-12-06 23:18:52','2025-12-06 23:18:52',NULL,'web'),(137,'jenisbantuan_access',1,'2025-12-06 23:18:52','2025-12-06 23:18:52',NULL,'web'),(138,'jenisbantuan_create',1,'2025-12-06 23:18:52','2025-12-06 23:18:52',NULL,'web'),(139,'jenisbantuan_edit',1,'2025-12-06 23:18:52','2025-12-06 23:18:52',NULL,'web'),(140,'jenisbantuan_show',1,'2025-12-06 23:18:52','2025-12-06 23:18:52',NULL,'web'),(141,'jenisbantuan_delete',1,'2025-12-06 23:18:52','2025-12-06 23:18:52',NULL,'web'),(142,'satuan_show',1,'2025-12-06 23:18:52','2025-12-06 23:18:52',NULL,'web'),(143,'sdg_access',1,'2025-12-06 23:18:52','2025-12-06 23:18:52',NULL,'web'),(144,'sdg_create',1,'2025-12-06 23:18:52','2025-12-06 23:18:52',NULL,'web'),(145,'sdg_edit',1,'2025-12-06 23:18:52','2025-12-06 23:18:52',NULL,'web'),(146,'sdg_delete',1,'2025-12-06 23:18:52','2025-12-06 23:18:52',NULL,'web'),(147,'sdg_show',1,'2025-12-06 23:18:52','2025-12-06 23:18:52',NULL,'web'),(148,'target_reinstra_show',1,'2025-12-06 23:18:52','2025-12-06 23:18:52',NULL,'web'),(149,'target_progress_access',1,'2025-12-06 23:18:52','2025-12-06 23:18:52',NULL,'web'),(150,'target_progress_create',1,'2025-12-06 23:18:52','2025-12-06 23:18:52',NULL,'web'),(151,'target_progress_edit',1,'2025-12-06 23:18:52','2025-12-06 23:18:52',NULL,'web'),(152,'target_progress_delete',1,'2025-12-06 23:18:52','2025-12-06 23:18:52',NULL,'web'),(153,'target_progress_show',1,'2025-12-06 23:18:52','2025-12-06 23:18:52',NULL,'web'),(154,'benchmark_access',1,'2025-12-06 23:18:52','2025-12-06 23:18:52',NULL,'web'),(155,'benchmark_create',1,'2025-12-06 23:18:52','2025-12-06 23:18:52',NULL,'web'),(156,'benchmark_edit',1,'2025-12-06 23:18:52','2025-12-06 23:18:52',NULL,'web'),(157,'benchmark_delete',1,'2025-12-06 23:18:52','2025-12-06 23:18:52',NULL,'web'),(158,'benchmark_show',1,'2025-12-06 23:18:52','2025-12-06 23:18:52',NULL,'web'),(159,'frm_access',1,'2025-12-06 23:18:52','2025-12-06 23:18:52',NULL,'web'),(160,'frm_create',1,'2025-12-06 23:18:52','2025-12-06 23:18:52',NULL,'web'),(161,'frm_edit',1,'2025-12-06 23:18:52','2025-12-06 23:18:52',NULL,'web'),(162,'frm_delete',1,'2025-12-06 23:18:52','2025-12-06 23:18:52',NULL,'web'),(163,'frm_show',1,'2025-12-06 23:18:52','2025-12-06 23:18:52',NULL,'web'),(164,'laporan_access',1,'2025-12-06 23:18:52','2025-12-06 23:18:52',NULL,'web'),(165,'log_access',1,'2025-12-06 23:18:52','2025-12-06 23:18:52',NULL,'web');

/*Data for the table `personal_access_tokens` */

/*Data for the table `trkegiatan` */

insert  into `trkegiatan`(`id`,`programoutcomeoutputactivity_id`,`fasepelaporan`,`jeniskegiatan_id`,`user_id`,`tanggalmulai`,`tanggalselesai`,`status`,`deskripsilatarbelakang`,`deskripsitujuan`,`deskripsikeluaran`,`deskripsiyangdikaji`,`penerimamanfaatdewasaperempuan`,`penerimamanfaatdewasalakilaki`,`penerimamanfaatdewasatotal`,`penerimamanfaatlansiaperempuan`,`penerimamanfaatlansialakilaki`,`penerimamanfaatlansiatotal`,`penerimamanfaatremajaperempuan`,`penerimamanfaatremajalakilaki`,`penerimamanfaatremajatotal`,`penerimamanfaatanakperempuan`,`penerimamanfaatanaklakilaki`,`penerimamanfaatanaktotal`,`penerimamanfaatdisabilitasperempuan`,`penerimamanfaatdisabilitaslakilaki`,`penerimamanfaatdisabilitastotal`,`penerimamanfaatnondisabilitasperempuan`,`penerimamanfaatnondisabilitaslakilaki`,`penerimamanfaatnondisabilitastotal`,`penerimamanfaatmarjinalperempuan`,`penerimamanfaatmarjinallakilaki`,`penerimamanfaatmarjinaltotal`,`penerimamanfaatperempuantotal`,`penerimamanfaatlakilakitotal`,`penerimamanfaattotal`,`created_at`,`updated_at`) values (1,31,1,2,2,'2025-02-15 00:00:00','2025-05-22 00:00:00','draft','<span style=\"font-weight: 700;\">Latar Belakang Kegiatan</span><div><span style=\"font-weight: 700;\"><br></span></div>','<span style=\"font-weight: 700;\">Apa Tujuan Kegiatan ?</span><div><span style=\"font-weight: 700;\"><br></span></div>','<span style=\"font-weight: 700;\">Deskripsi Keluaran</span><div><span style=\"font-weight: 700;\"><br></span></div>',NULL,12,12,24,13,13,26,31,31,62,1,11,12,2,3,5,5,4,9,6,7,13,57,67,124,'2025-02-20 19:14:29','2025-02-20 19:14:29'),(2,2,2,1,1,'2025-01-03 00:00:00','2026-12-21 00:00:00','draft','<font color=\"#495057\" face=\"Roboto, Arial, sans-serif\"><span style=\"font-size: 13px;\">Yayasan IDEP Selaras Alam (IDEP) merupakan organisasi non-pemerintah yang didirikan pada tahun 1999. Kami mengembangkan kegiatan dan memberikan pelatihan, pendampingan masyarakat, serta mendistribusikan media yang terkait dengan upaya-upaya pelestarian lingkungan, pertanian berkelanjutan dengan pendekatan Permakultur, dan Penanggulangan Bencana Berbasis Masyarakat. Perubahan iklim secara signifikan meningkatkan frekuensi bencana hidrometeorologi di berbagai wilayah Indonesia, di antaranya adalah di Desa Waimatan, Kabupaten Lembata, Nusa Tenggara Timur dan Desa Banyubiru, Kabupaten Jembrana, Bali. Siklon tropis Seroja dan banjir bandang pada April 2021 menyebabkan kerusakan pada infrastruktur, hilangnya nyawa, gangguan akses ke kebutuhan pokok, dan terganggunya mata pencaharian. Sebanyak 26 orang telah meninggal dan 8 korban lain belum ditemukan hingga hari ini, sementara 29 rumah rusak akibat banjir bandang. Bencana tersebut juga memaksa warga Waimatan untuk mengungsi ke lokasi yang lebih aman, namun jauh dari tempat tinggal mereka dan memiliki fasilitas terbatas, yang semakin memperburuk situasi mereka. Situasi serupa terjadi di Desa Banyubiru, di mana gelombang tinggi dan banjir pada Juli 2023 serta abrasi pantai dalam 20 tahun terakhir menyebabkan masyarakat kehilangan rumah dan akses ke mata pencaharian. Dan berdasarkan data terbaru yang diperoleh oleh IDEP dari penilaian langsung di lokasi bencana per 09 Juli 2023 di salah satu banjar yaitu Banjar Pebuahan, Desa Banyubiru, sebanyak 216 rumah terdampak, dan 59 perahu nelayan hilang atau rusak parah. Sungai yang mengalir di wilayah pemukiman juga meluap, menyebabkan sebagian besar rumah terendam.</span></font>','<ul><li>Memperkenalkan program dan konsep Satuan Pendidikan Aman Bencana kepada satuan\r\npendidikan di Desa Banyubiru.</li><li>Memberikan pengetahuan mengenai dampak bencana dan cara menanggulanginya.</li><li>Memperkuat kesiapsiagaan bencana, termasuk adaptasi dan mitigasi perubahan iklim pada\r\nsatuan pendidikan&nbsp;</li></ul>','<ul><li>Pelatihan SPAB dilakukan selama 3 hari, diawali dengan materi perkenalan&nbsp;lembaga-lembaga kebencanaan pada hari pertama, pembuatan peta dan kajian&nbsp;kebencanaan pada hari kedua, dan pembentukan tim siaga bencana, SOP,</li><li>simulasi dan evaluasi SOP pada hari ketiga.</li><li>Terbentuknya peta risiko bencana dan peta jalur evakuasi :<br>SDN 2 Banyubiru yang disusun oleh guru-guru dan siswa SDN 2&nbsp;Banyubiru.<br>Sekolah-sekolah gugus 5 kabupaten Jembrana yang disusun oleh&nbsp;perwakilan guru/kepala sekolah masing-masing sekolah.</li><li>Tersusunnya kajian risiko bencana dan Tim Siaga bencana SDN 2 Banyubiru</li><li>Tersusunnya SOP yang telah disimulasikan oleh seluruh warga sekola</li></ul>',NULL,2,3,5,4,5,9,6,11,17,74,83,157,3,3,6,5,6,11,11,18,29,86,102,188,'2025-04-13 18:36:39','2025-12-27 16:31:54'),(5,34,1,10,1,'2025-05-01 00:00:00','2025-07-01 00:00:00','draft','<div><div>Kosabangsa 2025 akan menargetkan daerah tertinggal, wilayah rawan bencana, dan kawasan kemiskinan ekstrem. Fokus intervensi mencakup pengembangan ekonomi lokal, sistem pertanian berkelanjutan, kesehatan masyarakat berbasis komunitas, pendidikan adaptif, hingga pemanfaatan teknologi tepat guna. Lebih dari sekadar program pengabdian, Kosabangsa adalah medium rekayasa sosial berbasis iptek untuk memperkuat ketahanan masyarakat akar rumput dan mendorong transformasi sosial dari bawah. Mahasiswa, dosen, dan masyarakat menjadi bagian dari ekosistem perubahan yang saling belajar, tumbuh, dan mandiri bersama.</div><div><br></div></div>','<div>“Program Penelitian dan Pengabdian kepada Masyarakat ini berperan sebagai instrumen strategis untuk mengarahkan penelitian dan pengabdian agar lebih berdampak, sesuai dengan kebutuhan bangsa, serta mendukung pencapaian Asta Cita dan visi Indonesia Emas 2045,” ujar Menteri Brian.</div><div><br></div><div>Mendiktisaintek menegaskan bahwa tridarma perguruan tinggi tidak hanya menjadi wujud dari komitmen akademik, tetapi juga sebagai motor penggerak perubahan, perbaikan, dan kemajuan peradaban bangsa Indonesia.</div>','<div>Program ini tidak hanya mendorong aksi sosial, tetapi juga memperkuat budaya reflektif, berpikir kritis, dan kolaboratif dalam praktik pengabdian. Mahasiswa akan melakukan perencanaan program secara ilmiah, memanfaatkan hasil riset sebagai dasar intervensi, dan menerapkan pendekatan partisipatif bersama masyarakat.</div><div><br></div><div>Direktur Penelitin dan Pengabdian kepada Masyarakat, I Ketut Adnyana menyatakan, “Mahasiswa Berdampak adalah pengejawantahan etis dari tanggung jawab intelektual mahasiswa untuk menjadi pelaku perubahan di masyarakat. Ini bukan kegiatan biasa, namun ini adalah bagian dari pembangunan karakter pemimpin bangsa yang berempati, beraksi, dan berdampak.”</div><div><br></div><div>Untuk melengkapi ekosistem riset dan pengabdian yang menyatu dari hulu ke hilir, Program Peningkatan Ekosistem Riset dan Inovasi PUI-PT dihadirkan sebagai penguat kapasitas kelembagaan pusat unggulan iptek di perguruan tinggi, sehingga sinergi antara riset unggul dan kebutuhan masyarakat dapat terwujud secara berkelanjutan.</div><div><br></div><div>Program Peningkatan Ekosistem Riset dan Inovasi PUI-PT dirancang untuk memperkuat kapasitas kelembagaan pusat unggulan iptek di perguruan tinggi. Melalui penguatan SDM, sarana riset, tata kelola, dan kemitraan strategis, program ini mendorong PUI-PT menjadi simpul inovasi nasional yang terhubung dengan kebutuhan industri, kebijakan publik, dan masyarakat.</div><div><br></div>',NULL,100,100,200,15,25,40,25,48,73,45,35,80,1,2,3,184,206,390,0,0,0,185,208,393,'2025-05-23 16:38:05','2025-05-23 16:38:05'),(6,1,3,8,1,'2025-05-06 00:00:00','2025-06-08 00:00:00','ongoing','<p>Yayasan IDEP Selaras Alam (IDEP) merupakan organisasi non-pemerintah yang didirikan pada tahun 1999. Kami mengembangkan kegiatan dan memberikan pelatihan, pendampingan masyarakat, serta mendistribusikan media yang terkait dengan upaya-upaya pelestarian lingkungan, pertanian berkelanjutan dengan pendekatan Permakultur, dan Penanggulangan Bencana Berbasis Masyarakat.</p><p>Program Petani Benih dampingan merupakan salah satu program yang dilaksanakan secara rutin oleh Yayasan IDEP Selaras Alam (IDEP) di berberapa wilayah di Bali.</p><p>&nbsp;</p>','<p>Memomitoring Petani Benih&nbsp;</p><p>Memastikan ketersediaan benih di Seed Bank dengan menyingkronkan dengan tanaman yang ditanam oleh petan<span style=\"font-size: 1rem;\">i</span></p>','<p>Silakan Isi Dan Jabarkan Pembelajaran Apa Yang Bisa Didapatkan Selama Proses Pelaksanaan Kegiatan. Bisa Diambil Dari Hasil Evaluasi Internal Tim Dan Form Frm Yang Diisi Partisipan. Silakan Fokus Pada Rekomendasi Pembelajarannya. tidak boleh kosong</p><div><br></div>',NULL,54,7,61,44,2,46,23,23,46,12,21,33,3,1,4,127,49,176,3,3,6,133,53,186,'2025-06-19 13:08:01','2025-12-22 23:44:36'),(7,2,3,6,1,'2025-02-01 00:00:00','2025-02-01 00:00:00','ongoing','<p>Diundang advokasi ke kementerian lingkungan hidup</p>','<p>Menyampaikan insiatif yang dilakukan oleh BWP untuk air di Bali</p>','<p>Menteri LH setuju dan mau menduplikasi kerja-kerja BWP</p>',NULL,1,1,2,2,2,4,2,2,4,2,0,2,2,1,3,2,1,3,2,1,3,7,5,12,'2025-06-19 13:34:07','2025-12-27 16:58:19'),(9,35,5,1,1,'2025-06-19 00:00:00','2025-06-20 00:00:00','draft','<p>\r\n\r\n\r\n\r\n\r\n\r\n\r\n\r\n</p><p class=\"p1\"><b>Lorem ipsum dolor sit amet, consectetur adipiscing elit. Sed do eiusmod tempor incididunt ut labore et dolore magna aliqua. Ut enim ad minim veniam, quis nostrud exercitation ullamco laboris nisi ut aliquip ex ea commodo consequat. Duis aute irure dolor in reprehenderit in voluptate velit esse cillum dolore eu fugiat nulla pariatur. Excepteur sint occaecat cupidatat non proident, sunt in culpa qui officia deserunt mollit anim id est laborum.</b></p>','<p>\r\n\r\n\r\n\r\n\r\n\r\n\r\n\r\n</p><p class=\"p1\"><b>Lorem ipsum dolor sit amet, consectetur adipiscing elit. Sed do eiusmod tempor incididunt ut labore et dolore magna aliqua. Ut enim ad minim veniam, quis nostrud exercitation ullamco laboris nisi ut aliquip ex ea commodo consequat. Duis aute irure dolor in reprehenderit in voluptate velit esse cillum dolore eu fugiat nulla pariatur. Excepteur sint occaecat cupidatat non proident, sunt in culpa qui officia deserunt mollit anim id est laborum.</b></p>','<p>\r\n\r\n\r\n\r\n\r\n\r\n\r\n\r\n</p><p class=\"p1\"><b>Lorem ipsum dolor sit amet, consectetur adipiscing elit. Sed do eiusmod tempor incididunt ut labore et dolore magna aliqua. Ut enim ad minim veniam, quis nostrud exercitation ullamco laboris nisi ut aliquip ex ea commodo consequat. Duis aute irure dolor in reprehenderit in voluptate velit esse cillum dolore eu fugiat nulla pariatur. Excepteur sint occaecat cupidatat non proident, sunt in culpa qui officia deserunt mollit anim id est laborum.</b></p>',NULL,1,1,2,99,99,198,8,7,15,6,4,10,99,77,176,15,34,49,0,0,0,114,111,225,'2025-06-19 23:34:06','2025-06-19 23:34:06'),(10,36,1,1,1,'2025-06-20 00:00:00','2025-06-27 00:00:00','draft',NULL,NULL,NULL,NULL,NULL,NULL,0,NULL,NULL,0,NULL,NULL,0,NULL,NULL,0,NULL,NULL,0,NULL,NULL,0,NULL,NULL,0,0,0,0,'2025-06-20 00:01:33','2025-06-20 00:01:33'),(11,2,4,4,1,'2025-06-20 00:00:00','2025-06-21 00:00:00','draft',NULL,NULL,NULL,NULL,NULL,NULL,0,NULL,NULL,0,NULL,NULL,0,NULL,NULL,0,NULL,NULL,0,NULL,NULL,0,NULL,NULL,0,0,0,0,'2025-06-20 00:09:05','2025-06-20 00:09:05'),(12,36,2,3,1,'2025-06-01 00:00:00','2025-08-10 00:00:00','ongoing','<p>        Yayasan IDEP Selaras Alam (IDEP) merupakan organisasi non-pemerintah yang didirikan pada tahun 1999. Kami mengembangkan kegiatan dan memberikan pelatihan, pendampingan masyarakat, serta mendistribusikan media yang terkait dengan upaya-upaya pelestarian lingkungan, pertanian berkelanjutan dengan pendekatan Permakultur, dan Penanggulangan Bencana Berbasis Masyarakat.<br>        Perubahan iklim secara signifikan meningkatkan frekuensi bencana hidrometeorologi di berbagai wilayah Indonesia, di antaranya adalah di Desa Waimatan, Kabupaten Lembata, Nusa Tenggara Timur dan Desa Banyubiru, Kabupaten Jembrana, Bali. Siklon tropis Seroja dan banjir bandang pada April 2021 menyebabkan kerusakan pada infrastruktur, hilangnya nyawa, gangguan akses ke kebutuhan pokok, dan terganggunya mata pencaharian. Sebanyak 26 orang telah meninggal dan 8 korban lain belum ditemukan hingga hari ini, sementara 29 rumah rusak akibat banjir bandang. Bencana tersebut juga memaksa warga Waimatan untuk mengungsi ke lokasi yang lebih aman, namun jauh dari tempat tinggal mereka dan memiliki fasilitas terbatas, yang semakin memperburuk situasi mereka. Situasi serupa terjadi di Desa Banyubiru, di mana gelombang tinggi dan banjir pada Juli 2023 serta abrasi pantai dalam 20 tahun terakhir menyebabkan masyarakat kehilangan rumah dan akses ke mata pencaharian. Dan berdasarkan data terbaru yang diperoleh oleh IDEP dari penilaian langsung di lokasi bencana per 09 Juli 2023 di salah satu banjar yaitu Banjar Pebuahan, Desa Banyubiru, sebanyak 216 rumah terdampak, dan 59 perahu nelayan hilang atau rusak parah. Sungai yang mengalir di wilayah pemukiman juga meluap, menyebabkan sebagian besar rumah terendam.<br>        Kedua wilayah Desa Waimatan dan Desa Banyubiru menghadapi kerentanan yang signifikan. Letak Desa Waimatan yang berada di antara laut dan gunung berapi, sementara Desa Banyubiru berada di dekat pesisir, membuat wilayah-wilayah ini mempunyai risiko bencana yang tinggi. Selain itu, krisis iklim memperbesar ancaman dengan risiko siklon tropis di Waimatan dan masalah abrasi pantai yang berkepanjangan di Desa Banyubiru. Kurangnya kesiapsiagaan bencana memperparah kerentanan mereka, termasuk kekurangan pengetahuan, rencana, sumber daya keamanan, dan tempat tinggal yang memadai. Selain itu, dukungan terbatas dari pemerintah dan organisasi non-pemerintah menyoroti keperluan mendesak untuk meningkatkan kapasitas kedua desa ini dalam adaptasi dan mitigasi bencana yang mandiri. Dalam menghadapi risiko bencana dan perubahan iklim, penting bagi masyarakat Desa Banyubiru untuk meningkatkan kesiapsiagaan dan kesadaran mereka. Hal ini meliputi pemahaman akan risiko yang dihadapi, pengembangan keterampilan untuk merespons bencana, dan implementasi langkah-langkah adaptasi yang sesuai dengan kondisi lokal. <br>        Salah satu aspek penting dalam upaya Pengurangan Risiko Bencana adalah dengan melakukan penguatan program Satuan Pendidikan Aman Bencana (SPAB). Upaya ini akan dilakukan dengan mengadakan lokakarya selama dua hari mengenai program Satuan Pendidikan Aman Bencana (SPAB) dengan para guru di SDN 2 Banyubiru. Setelah itu, lokakarya juga akan dilanjutkan dengan kegiatan edukasi yang melibatkan siswa SDN 2 Banyubiru selama satu hari mengenai Pengurangan Risiko Bencana yang akan difasilitasi oleh guru-guru di sekolah, termasuk namun tidak terbatas pada permainan dan latihan bencana. Pelatihan ini bertujuan untuk meningkatkan kapasitas masyarakat dalam mengurangi dampak bencana, yang meliputi perubahan iklim, adaptasi dan mitigasi melalui pengembangan kapasitas masyarakat di Desa Banyu Biru. Dengan adanya pelatihan ini, diharapkan informasi yang disampaikan yang disampaikan selama pelatihan dapat meningkatkan kapasitas masyarakat khususnya guru dan siswa SDN 2 Banyubiru dalam mengurangi dampak dari risiko bencana. <br>        Selama lokakarya, peserta akan memiliki kesempatan untuk berbagi pengalaman dan pengetahuan, memperkuat jaringan sosial dan mendukung satu sama lain dalam menghadapi tantangan risiko bencana yang akan dihadapi, mencakup dampak perubahan iklim, adaptasi, dan mitigasi bencana. Hal ini diharapkan dapat mempromosikan pembangunan komunitas yang lebih tangguh dan berkelanjutan, sehingga dapat mencegah dan menanggulangi dampak bencana pada satuan pendidikan. Secara keseluruhan, pelatihan pencegahan dan penanggulangan dampak bencana melalui Satuan Pendidikan Aman Bencana (SPAB) merupakan langkah penting dalam membangun ketahanan masyarakat desa. <br></p>','<ol><li>Memperkenalkan program dan konsep Satuan Pendidikan Aman Bencana kepada satuan pendidikan di Desa Banyubiru.</li><li>Memberikan pengetahuan mengenai dampak bencana dan cara menanggulanginya.</li><li>Memperkuat kesiapsiagaan bencana, termasuk adaptasi dan mitigasi perubahan iklim pada satuan pendidikan</li><li>Meningkatkan kapasitas satuan pendidikan di Desa Banyubiru dalam pencegahan dan penanggulangan risiko bencana berbasis masyarakat yang efektif.</li><li>Adanya kajian risiko bencana di SDN 2 Banyubiru, termasuk peta risiko bencana, dan tim siaga bencana.</li></ol>','<ul><li>Pelatihan SPAB dilakukan selama 3 hari, diawali dengan materi perkenalan lembaga-lembaga kebencanaan pada hari pertama, pembuatan peta dan kajian kebencanaan pada hari kedua, dan pembentukan tim siaga bencana, SOP, simulasi dan evaluasi SOP pada hari ketiga.</li><li>Terbentuknya peta risiko bencana dan peta jalur evakuasi : </li><li>SDN 2 Banyubiru yang disusun oleh guru-guru dan siswa SDN 2 Banyubiru. </li><li>Sekolah-sekolah gugus 5 kabupaten Jembrana yang disusun oleh perwakilan guru/kepala sekolah masing-masing sekolah.</li><li>Tersusunnya kajian risiko bencana dan Tim Siaga bencana SDN 2 Banyubiru</li><li>Tersusunnya SOP yang telah disimulasikan oleh seluruh warga sekolah SDN 2 Banyubiru dan dievaluasi oleh fasilitator, guru dan staf SDN 2 Banyubiru. </li></ul>',NULL,24,29,53,0,0,0,4,2,6,47,53,100,0,0,0,0,0,0,75,84,159,75,84,159,'2025-06-20 00:51:30','2026-01-26 22:51:04'),(13,37,1,1,1,'2025-06-20 00:00:00','2025-06-27 00:00:00','completed','<p>Lorem ipsum dolor sit amet, consectetur adipiscing elit. Sed do eiusmod tempor incididunt ut labore et dolore magna aliqua. Ut enim ad minim veniam, quis nostrud exercitation ullamco laboris nisi ut aliquip ex ea commodo consequat. Duis aute irure dolor in reprehenderit in voluptate velit esse cillum dolore eu fugiat nulla pariatur. Excepteur sint occaecat cupidatat non proident, sunt in culpa qui officia deserunt mollit anim id est laborum.</p>','<p>Lorem ipsum dolor sit amet, consectetur adipiscing elit. Sed do eiusmod tempor incididunt ut labore et dolore magna aliqua. Ut enim ad minim veniam, quis nostrud exercitation ullamco laboris nisi ut aliquip ex ea commodo consequat. Duis aute irure dolor in reprehenderit in voluptate velit esse cillum dolore eu fugiat nulla pariatur. Excepteur sint occaecat cupidatat non proident, sunt in culpa qui officia deserunt mollit anim id est laborum.</p>','<p>Lorem ipsum dolor sit amet, consectetur adipiscing elit. Sed do eiusmod tempor incididunt ut labore et dolore magna aliqua. Ut enim ad minim veniam, quis nostrud exercitation ullamco laboris nisi ut aliquip ex ea commodo consequat. Duis aute irure dolor in reprehenderit in voluptate velit esse cillum dolore eu fugiat nulla pariatur. Excepteur sint occaecat cupidatat non proident, sunt in culpa qui officia deserunt mollit anim id est laborum.</p>',NULL,100,200,300,50,50,100,10,10,20,5,5,10,10,10,20,20,9,29,8,7,15,165,265,430,'2025-06-20 18:21:30','2025-08-20 23:53:21'),(14,38,1,1,1,'2025-06-02 00:00:00','2025-06-03 00:00:00','completed','<p>lorem epsum</p>','<p>lorem epsum</p>','<p>lorem epsum</p>',NULL,10,10,20,11,11,22,12,12,24,99,99,198,132,132,264,0,0,0,0,0,0,132,132,264,'2025-06-30 20:10:34','2025-08-20 23:50:59'),(15,39,1,2,1,'2025-06-30 00:00:00','2025-07-03 00:00:00','completed',NULL,NULL,NULL,NULL,NULL,NULL,0,NULL,NULL,0,NULL,NULL,0,NULL,NULL,0,NULL,NULL,0,NULL,NULL,0,NULL,NULL,0,0,0,0,'2025-06-30 20:23:54','2025-06-30 20:23:54'),(16,40,1,3,1,'2025-06-30 00:00:00','2025-07-02 00:00:00','cancelled',NULL,NULL,NULL,NULL,NULL,NULL,0,NULL,NULL,0,NULL,NULL,0,NULL,NULL,0,NULL,NULL,0,NULL,NULL,0,NULL,NULL,0,0,0,0,'2025-06-30 20:25:24','2025-06-30 20:25:24'),(17,9,2,3,1,'2025-08-01 00:00:00','2025-08-03 00:00:00','ongoing','<p><br></p>','<p><br></p>','<ol><li>https://dev.ideptraining.com/kegiatan/create</li></ol>',NULL,5,1,6,34,4,38,NULL,NULL,0,NULL,NULL,0,NULL,NULL,0,NULL,NULL,0,NULL,NULL,0,39,5,44,'2025-08-27 12:33:41','2025-08-27 12:33:41'),(18,10,2,2,1,'2025-08-01 00:00:00','2026-06-28 00:00:00','draft','<p>Latar Belakang Kegiatan</p><div><br></div>','<p>Tujuan Kegiatan</p><div><br></div>','<p>Deskripsi Keluaran</p><div><br></div>',NULL,23,23,46,33,33,66,22,23,45,11,21,32,1,1,2,86,97,183,2,2,4,89,100,189,'2025-08-29 14:43:50','2025-11-19 01:08:13'),(19,33,1,1,1,'2025-11-14 00:00:00','2025-11-30 00:00:00','ongoing','<p>Health Monitoring: The Silver Monitor is a smartwatch designed for seniors, offering continuous health monitoring and safety features. It tracks vital stats like blood pressure, heart rate, and temperature, and includes features like fall detection and activity tracking. This system aims to enhance the well-being of seniors by providing real-time health insights and support</p>','<p>Silver Price Monitoring: The Silver Price is tracked in real-time, with current prices available from various sources. This is important for investors and those interested in the market dynamics of silver.&nbsp;<span style=\"font-size: 1rem;\">Both aspects of silver monitoring are crucial for individuals and businesses involved in health and financial sectors.</span></p>','<p>Futures trading at 0.7¢ discount suggests strong physical demand or supply constraints making immediate delivery more valuable than future delivery.</p><div><br></div>',NULL,3,4,7,4,4,8,5,5,10,3,4,7,1,1,2,13,15,28,1,1,2,15,17,32,'2025-11-06 02:16:38','2025-11-06 02:16:38'),(20,33,2,2,1,'2025-11-01 00:00:00','2026-02-08 00:00:00','ongoing','<p>a</p>','<p>b</p>','<p>v<u>c</u></p>',NULL,23,33,56,5,4,9,3,2,5,1,3,4,3,3,6,4,4,8,3,3,6,32,42,74,'2025-11-06 02:35:13','2025-11-07 02:31:39'),(21,33,3,3,1,'2026-01-01 00:00:00','2026-03-27 00:00:00','ongoing','<p>Dalam menyusun laporan magang, bagian latar belakang sangat penting. Latar belakang ini menjelaskan alasan dan tujuan pelaksanaan magang, serta manfaat yang diperoleh. Beberapa hal yang perlu dicantumkan dalam latar belakang laporan magang adalahDalam menyusun laporan magang, bagian latar belakang sangat penting. Latar belakang ini menjelaskan alasan dan tujuan pelaksanaan magang, serta manfaat yang diperoleh. Beberapa hal yang perlu dicantumkan dalam latar belakang laporan magang adalahDalam menyusun laporan magang, bagian latar belakang sangat penting. Latar belakang ini menjelaskan alasan dan tujuan pelaksanaan magang, serta manfaat yang diperoleh. Beberapa hal yang perlu dicantumkan dalam latar belakang laporan magang adalahDalam menyusun laporan magang, bagian latar belakang sangat penting. Latar belakang ini menjelaskan alasan dan tujuan pelaksanaan magang, serta manfaat yang diperoleh. Beberapa hal yang perlu dicantumkan dalam latar belakang laporan magang adalahDalam menyusun laporan magang, bagian latar belakang sangat penting. Latar belakang ini menjelaskan alasan dan tujuan pelaksanaan magang, serta manfaat yang diperoleh. Beberapa hal yang perlu dicantumkan dalam latar belakang laporan magang adalahDalam menyusun laporan magang, bagian latar belakang sangat penting. Latar belakang ini menjelaskan alasan dan tujuan pelaksanaan magang, serta manfaat yang diperoleh. Beberapa hal yang perlu dicantumkan dalam latar belakang laporan magang adalahDalam menyusun laporan magang, bagian latar belakang sangat penting. Latar belakang ini menjelaskan alasan dan tujuan pelaksanaan magang, serta manfaat yang diperoleh. Beberapa hal yang perlu dicantumkan dalam latar belakang laporan magang adalahDalam menyusun laporan magang, bagian latar belakang sangat penting. Latar belakang ini menjelaskan alasan dan tujuan pelaksanaan magang, serta manfaat yang diperoleh. Beberapa hal yang perlu dicantumkan dalam latar belakang laporan magang adalahDalam menyusun laporan magang, bagian latar belakang sangat penting. Latar belakang ini menjelaskan alasan dan tujuan pelaksanaan magang, serta manfaat yang diperoleh. Beberapa hal yang perlu dicantumkan dalam latar belakang laporan magang adalahDalam menyusun laporan magang, bagian latar belakang sangat penting. Latar belakang ini menjelaskan alasan dan tujuan pelaksanaan magang, serta manfaat yang diperoleh. Beberapa hal yang perlu dicantumkan dalam latar belakang laporan magang adalahDalam menyusun laporan magang, bagian latar belakang sangat penting. Latar belakang ini menjelaskan alasan dan tujuan pelaksanaan magang, serta manfaat yang diperoleh. Beberapa hal yang perlu dicantumkan dalam latar belakang laporan magang adalah</p>','<p>Kegiatan magang merupakan bagian integral dari pendidikan tinggi yang bertujuan untuk memberikan mahasiswa pengalaman langsung di dunia kerja. Melalui magang, mahasiswa dapat:</p><ul><li>Menerapkan Teori ke Praktik: Mahasiswa dapat menerapkan pengetahuan yang diperoleh di bangku kuliah ke dalam situasi nyata di tempat kerja, sehingga memperdalam pemahaman mereka tentang materi yang dipelajari.&nbsp;</li><li>Mengembangkan Keterampilan: Magang membantu mahasiswa mengembangkan keterampilan praktis dan profesional yang diperlukan dalam karir mereka, seperti etika kerja, disiplin, dan kemampuan beradaptasi di lingkungan kerja.&nbsp;</li><li>Membangun Jaringan: Selama magang, mahasiswa memiliki kesempatan untuk membangun jaringan profesional yang dapat bermanfaat dalam pencarian kerja di masa depan.</li></ul><p>Dalam menyusun laporan magang, bagian latar belakang sangat penting. Latar belakang ini menjelaskan alasan dan tujuan pelaksanaan magang, serta manfaat yang diperoleh. Beberapa hal yang perlu dicantumkan dalam latar belakang laporan magang adalah&nbsp;Dalam menyusun laporan magang, bagian latar belakang sangat penting. Latar belakang ini menjelaskan alasan dan tujuan pelaksanaan magang, serta manfaat yang diperoleh. Beberapa hal yang perlu dicantumkan dalam latar belakang laporan magang adalah&nbsp;Dalam menyusun laporan magang, bagian latar belakang sangat penting. Latar belakang ini menjelaskan alasan dan tujuan pelaksanaan magang, serta manfaat yang diperoleh. Beberapa hal yang perlu dicantumkan dalam latar belakang laporan magang adalah</p>','<p>Menyampaikan manfaat yang diharapkan dari kegiatan magang, baik bagi penulis laporan maupun bagi pembaca yang ingin memahami konteks kegiatan tersebut.&nbsp;</p><ul><li><span style=\"font-size: 1rem;\">Dengan memahami latar belakang kegiatan magang, mahasiswa dapat lebih siap dan terarah dalam menjalani pengalaman magang mereka, serta dalam menyusun laporan yang informatif dan bermanfaat.</span></li><li><span style=\"font-size: 1rem;\">Dengan memahami latar belakang kegiatan magang, mahasiswa dapat lebih siap dan terarah dalam menjalani pengalaman magang mereka, serta dalam menyusun laporan yang informatif dan bermanfaat.</span></li><li><span style=\"font-size: 1rem;\">Dengan memahami latar belakang kegiatan magang, mahasiswa dapat lebih siap dan terarah dalam menjalani pengalaman magang mereka, serta dalam menyusun laporan yang informatif dan bermanfaat.</span></li><li><span style=\"font-size: 1rem;\">Dengan memahami latar belakang kegiatan magang, mahasiswa dapat lebih siap dan terarah dalam menjalani pengalaman magang mereka, serta dalam menyusun laporan yang informatif dan bermanfaat.</span></li><li><span style=\"font-size: 1rem;\">Dengan memahami latar belakang kegiatan magang, mahasiswa dapat lebih siap dan terarah dalam menjalani pengalaman magang mereka, serta dalam menyusun laporan yang informatif dan bermanfaat.</span></li></ul>',NULL,1,6,7,2,7,9,3,8,11,4,9,13,1,1,2,8,28,36,1,1,2,10,30,40,'2025-11-06 02:43:35','2025-12-31 03:52:45'),(22,33,4,4,1,'2025-11-15 00:00:00','2026-01-29 00:00:00','draft','<p>Bonus – Rencana Layover Singapura (19–20 Jan 2026)</p>','<p>Dengan jadwal ini, asumsi paling logis: kamu ada 2 hari penuh di Hanoi sebelum 19 Jan (mis. 17–18 Jan 2026), lalu layover ~20 jam di Singapura pada 19–20 Jan. Di bawah ini 2 skenario: (A) 2 hari di Hanoi (inti yang kamu minta) + (B) bonus rencana singkat untuk layover Singapura.</p>','<p>Mata uang: VND; cuaca Januari: sejuk (12–20°C). Jaket tipis + payung kecil.</p>',NULL,2,3,5,4,4,8,3,4,7,2,3,5,2,1,3,7,10,17,2,3,5,11,14,25,'2025-11-06 02:54:36','2025-11-06 02:54:36'),(23,31,1,1,2,'2025-02-15 00:00:00','2025-05-22 00:00:00','draft','<span style=\"font-weight: 700;\">Latar Belakang Kegiatan</span><div><span style=\"font-weight: 700;\"><br></span></div>','<span style=\"font-weight: 700;\">Apa Tujuan Kegiatan ?</span><div><span style=\"font-weight: 700;\"><br></span></div>','<span style=\"font-weight: 700;\">Deskripsi Keluaran</span><div><span style=\"font-weight: 700;\"><br></span></div>',NULL,12,12,24,13,13,26,31,31,62,1,11,12,2,3,5,5,4,9,6,7,13,57,67,124,'2025-02-20 19:14:29','2025-02-20 19:14:29');

/*Data for the table `trkegiatan_lokasi` */

insert  into `trkegiatan_lokasi`(`id`,`kegiatan_id`,`desa_id`,`lokasi`,`long`,`lat`,`created_at`,`updated_at`) values (1,1,5104022001,'Saba',115.255165,-8.350923,'2025-02-20 19:14:29','2025-02-20 19:14:29'),(2,1,5104031003,'Samplangan',115.255165,-8.350923,'2025-02-20 19:14:29','2025-02-20 19:14:29'),(17,5,5108042012,'Balai Banjar',114.968605,-8.201017,'2025-05-23 16:38:06','2025-05-23 16:38:06'),(18,5,5108062016,'Wantilan Desa',115.132091,-8.141813,'2025-05-23 16:38:06','2025-05-23 16:38:06'),(19,5,5108032013,'KANTOR PERBEKEL',115.012796,-8.284277,'2025-05-23 16:38:06','2025-05-23 16:38:06'),(20,5,5108012005,'SMK Negeri 1 Gerokgak',114.68147,-8.156432,'2025-05-23 16:38:06','2025-05-23 16:38:06'),(21,5,5108082010,'SD Negeri 2 BENGKALA',115.164029,-8.103738,'2025-05-23 16:38:06','2025-05-23 16:38:06'),(22,5,5108072013,'GEDUNG LAB OSCE STIKES',115.160208,-8.077185,'2025-05-23 16:38:06','2025-05-23 16:38:06'),(26,9,5103062006,'TEST',-8.412042,-8.412042,'2025-06-19 23:34:06','2025-06-19 23:34:06'),(27,10,5103032008,'TS',55,55,'2025-06-20 00:01:33','2025-06-20 00:01:33'),(28,11,5103032008,'GG',1,1,'2025-06-20 00:09:05','2025-06-20 00:09:05'),(34,15,5103032008,'Puskesma',2,2,'2025-06-30 20:23:54','2025-06-30 20:23:54'),(35,16,1105072002,'Balai Desa',3,3,'2025-06-30 20:25:24','2025-06-30 20:25:24'),(40,14,5103032008,'Balai Banjar',1,1,'2025-08-20 23:50:59','2025-08-20 23:50:59'),(42,13,5103032008,'Hutan Lindung',115.228265,-8.554295,'2025-08-20 23:53:21','2025-08-20 23:53:21'),(43,13,5103022008,'KWKWKW LAND',115.828265,-8.154295,'2025-08-20 23:53:21','2025-08-20 23:53:21'),(108,19,5106021003,'Banjar Bebalang',115.353,-8.4718,'2025-11-06 02:16:38','2025-11-06 02:16:38'),(114,22,5108062005,'XY',115.175562,-8.130329,'2025-11-06 02:54:37','2025-11-06 02:54:37'),(115,22,5108012007,'ZA',114.739542,-8.210531,'2025-11-06 02:54:37','2025-11-06 02:54:37'),(116,20,5171011004,'AB',115.208215,-8.696052,'2025-11-07 02:31:39','2025-11-07 02:31:39'),(117,20,5171011002,'CD',115.209845,-8.71073,'2025-11-07 02:31:39','2025-11-07 02:31:39'),(118,20,5171032003,'EF',115.230531,-8.697494,'2025-11-07 02:31:39','2025-11-07 02:31:39'),(119,18,5106022001,'XYZ',114.878,-8.266,'2025-11-19 01:08:14','2025-11-19 01:08:14'),(120,18,5106042020,'CD',114.999,-8.289,'2025-11-19 01:08:14','2025-11-19 01:08:14'),(121,6,5106012007,'Rumah Warga',115.348753,8.421732,'2025-12-22 23:44:36','2025-12-22 23:44:36'),(122,6,5106042020,'Banjar',115.248753,8.521732,'2025-12-22 23:44:36','2025-12-22 23:44:36'),(131,2,5104031003,'vvwwee',115.290306,-8.387303,'2025-12-27 16:31:54','2025-12-27 16:31:54'),(132,2,5104031005,'kwkwk',115.253227,-8.424259,'2025-12-27 16:31:54','2025-12-27 16:31:54'),(135,7,5108042012,'PPPP',115.194061,-8.531062,'2025-12-27 16:58:19','2025-12-27 16:58:19'),(136,7,5108012009,'XXXX',115.407608,-8.392512,'2025-12-27 16:58:19','2025-12-27 16:58:19'),(141,21,5171031005,'RF',115.21551,-8.68341,'2025-12-31 03:52:46','2025-12-31 03:52:46'),(142,21,5171042003,'GH',115.233792,-8.70004,'2025-12-31 03:52:46','2025-12-31 03:52:46'),(152,12,9103162003,'Hutan Papua',140.148859,-2.521305,'2026-01-26 22:51:04','2026-01-26 22:51:04'),(153,12,9103102001,'CCC',139.90716,-2.612409,'2026-01-26 22:51:04','2026-01-26 22:51:04'),(154,12,9103032003,'DDD',140.091181,-2.713923,'2026-01-26 22:51:04','2026-01-26 22:51:04');

/*Data for the table `trkegiatan_mitra` */

insert  into `trkegiatan_mitra`(`id`,`kegiatan_id`,`mitra_id`,`created_at`,`updated_at`) values (1,1,3,NULL,NULL),(2,1,1,NULL,NULL),(3,1,13,NULL,NULL),(4,1,11,NULL,NULL),(5,2,2,NULL,NULL),(8,5,1,NULL,NULL),(10,7,2,NULL,NULL),(11,7,1,NULL,NULL),(14,9,1,NULL,NULL),(15,10,2,NULL,NULL),(16,11,1,NULL,NULL),(17,12,2,NULL,NULL),(18,12,6,NULL,NULL),(19,12,19,NULL,NULL),(20,12,3,NULL,NULL),(21,13,1,NULL,NULL),(22,14,1,NULL,NULL),(23,15,2,NULL,NULL),(24,16,1,NULL,NULL),(25,17,1,NULL,NULL),(26,18,1,NULL,NULL),(31,6,5,NULL,NULL),(32,6,3,NULL,NULL),(33,6,16,NULL,NULL),(34,19,4,NULL,NULL),(35,19,3,NULL,NULL),(36,19,2,NULL,NULL),(37,19,12,NULL,NULL),(38,20,5,NULL,NULL),(39,20,19,NULL,NULL),(40,20,18,NULL,NULL),(41,20,17,NULL,NULL),(42,20,20,NULL,NULL),(43,21,39,NULL,NULL),(44,21,37,NULL,NULL),(45,21,36,NULL,NULL),(46,21,35,NULL,NULL),(47,21,38,NULL,NULL),(48,21,40,NULL,NULL),(49,21,41,NULL,NULL),(50,22,14,NULL,NULL),(51,22,13,NULL,NULL),(52,18,3,NULL,NULL),(53,18,5,NULL,NULL),(54,18,11,NULL,NULL),(55,18,12,NULL,NULL),(56,2,1,NULL,NULL),(57,2,4,NULL,NULL);

/*Data for the table `trkegiatan_sektor` */

insert  into `trkegiatan_sektor`(`id`,`kegiatan_id`,`sektor_id`,`created_at`,`updated_at`) values (1,1,3,NULL,NULL),(2,1,5,NULL,NULL),(3,2,2,NULL,NULL),(4,2,4,NULL,NULL),(5,2,19,NULL,NULL),(22,5,2,NULL,NULL),(23,5,4,NULL,NULL),(24,5,38,NULL,NULL),(25,5,39,NULL,NULL),(26,5,40,NULL,NULL),(27,5,41,NULL,NULL),(28,5,51,NULL,NULL),(29,5,29,NULL,NULL),(30,6,2,NULL,NULL),(31,7,3,NULL,NULL),(32,7,28,NULL,NULL),(35,9,2,NULL,NULL),(36,10,2,NULL,NULL),(37,10,4,NULL,NULL),(38,10,5,NULL,NULL),(39,11,1,NULL,NULL),(40,12,8,NULL,NULL),(41,12,9,NULL,NULL),(42,12,10,NULL,NULL),(43,12,11,NULL,NULL),(44,12,19,NULL,NULL),(45,12,18,NULL,NULL),(46,12,17,NULL,NULL),(47,13,2,NULL,NULL),(48,14,3,NULL,NULL),(49,15,2,NULL,NULL),(50,16,2,NULL,NULL),(52,14,5,NULL,NULL),(54,17,71,NULL,NULL),(55,17,4,NULL,NULL),(56,17,3,NULL,NULL),(57,18,1,NULL,NULL),(58,6,3,NULL,NULL),(59,19,3,NULL,NULL),(60,19,5,NULL,NULL),(61,20,3,NULL,NULL),(62,20,20,NULL,NULL),(63,21,5,NULL,NULL),(64,21,4,NULL,NULL),(65,21,3,NULL,NULL),(66,22,3,NULL,NULL),(67,20,15,NULL,NULL),(68,20,16,NULL,NULL),(69,20,13,NULL,NULL),(70,20,14,NULL,NULL),(71,20,19,NULL,NULL),(72,12,15,NULL,NULL);

/*Data for the table `trkegiatanassessment` */

insert  into `trkegiatanassessment`(`id`,`kegiatan_id`,`assessmentyangterlibat`,`assessmenttemuan`,`assessmenttambahan`,`assessmenttambahan_ket`,`assessmentkendala`,`assessmentisu`,`assessmentpembelajaran`,`created_at`,`updated_at`) values (1,2,'<p>Pihak Yang Terlibat<span source=\"\" sans=\"\" pro\",=\"\" -apple-system,=\"\" blinkmacsystemfont,=\"\" \"segoe=\"\" ui\",=\"\" roboto,=\"\" \"helvetica=\"\" neue\",=\"\" arial,=\"\" sans-serif,=\"\" \"apple=\"\" color=\"\" emoji\",=\"\" ui=\"\" symbol\";=\"\" font-size:=\"\" 16px;=\"\" font-style:=\"\" normal;=\"\" font-variant-ligatures:=\"\" font-variant-caps:=\"\" font-weight:=\"\" 700;=\"\" letter-spacing:=\"\" orphans:=\"\" 2;=\"\" text-align:=\"\" left;=\"\" text-indent:=\"\" 0px;=\"\" text-transform:=\"\" none;=\"\" widows:=\"\" word-spacing:=\"\" -webkit-text-stroke-width:=\"\" white-space:=\"\" background-color:=\"\" rgb(255,=\"\" 255,=\"\" 255);=\"\" text-decoration-thickness:=\"\" initial;=\"\" text-decoration-style:=\"\" text-decoration-color:=\"\" display:=\"\" inline=\"\" !important;=\"\" float:=\"\" none;\"=\"\">Pihak Yang Terlibat </span><span class=\"fas fa-info-circle text-success\" data-toggle=\"tooltip\" title=\"Siapa Saja Individu Dan Lembaga Yang Terlibat Dalam Kegiatan Ini?\" font=\"\" awesome=\"\" 5=\"\" free\";=\"\" font-weight:=\"\" 900;=\"\" color:=\"\" rgb(40,=\"\" 167,=\"\" 69)=\"\" !important;=\"\" font-size:=\"\" 16px;=\"\" letter-spacing:=\"\" normal;=\"\" orphans:=\"\" 2;=\"\" text-align:=\"\" left;=\"\" text-indent:=\"\" 0px;=\"\" text-transform:=\"\" none;=\"\" widows:=\"\" word-spacing:=\"\" -webkit-text-stroke-width:=\"\" white-space:=\"\" background-color:=\"\" rgb(255,=\"\" 255,=\"\" 255);=\"\" text-decoration-thickness:=\"\" initial;=\"\" text-decoration-style:=\"\" text-decoration-color:=\"\" initial;\"=\"\"></span><br>Pihak Yang Terlibat<span source=\"\" sans=\"\" pro\",=\"\" -apple-system,=\"\" blinkmacsystemfont,=\"\" \"segoe=\"\" ui\",=\"\" roboto,=\"\" \"helvetica=\"\" neue\",=\"\" arial,=\"\" sans-serif,=\"\" \"apple=\"\" color=\"\" emoji\",=\"\" ui=\"\" symbol\";=\"\" font-size:=\"\" 16px;=\"\" font-style:=\"\" normal;=\"\" font-variant-ligatures:=\"\" font-variant-caps:=\"\" font-weight:=\"\" 700;=\"\" letter-spacing:=\"\" orphans:=\"\" 2;=\"\" text-align:=\"\" left;=\"\" text-indent:=\"\" 0px;=\"\" text-transform:=\"\" none;=\"\" widows:=\"\" word-spacing:=\"\" -webkit-text-stroke-width:=\"\" white-space:=\"\" background-color:=\"\" rgb(255,=\"\" 255,=\"\" 255);=\"\" text-decoration-thickness:=\"\" initial;=\"\" text-decoration-style:=\"\" text-decoration-color:=\"\" display:=\"\" inline=\"\" !important;=\"\" float:=\"\" none;\"=\"\">Pihak Yang Terlibat </span><span class=\"fas fa-info-circle text-success\" data-toggle=\"tooltip\" title=\"Siapa Saja Individu Dan Lembaga Yang Terlibat Dalam Kegiatan Ini?\" font=\"\" awesome=\"\" 5=\"\" free\";=\"\" font-weight:=\"\" 900;=\"\" color:=\"\" rgb(40,=\"\" 167,=\"\" 69)=\"\" !important;=\"\" font-size:=\"\" 16px;=\"\" letter-spacing:=\"\" normal;=\"\" orphans:=\"\" 2;=\"\" text-align:=\"\" left;=\"\" text-indent:=\"\" 0px;=\"\" text-transform:=\"\" none;=\"\" widows:=\"\" word-spacing:=\"\" -webkit-text-stroke-width:=\"\" white-space:=\"\" background-color:=\"\" rgb(255,=\"\" 255,=\"\" 255);=\"\" text-decoration-thickness:=\"\" initial;=\"\" text-decoration-style:=\"\" text-decoration-color:=\"\" initial;\"=\"\"></span><br></p><p>Pihak Yang Terlibat<span source=\"\" sans=\"\" pro\",=\"\" -apple-system,=\"\" blinkmacsystemfont,=\"\" \"segoe=\"\" ui\",=\"\" roboto,=\"\" \"helvetica=\"\" neue\",=\"\" arial,=\"\" sans-serif,=\"\" \"apple=\"\" color=\"\" emoji\",=\"\" ui=\"\" symbol\";=\"\" font-size:=\"\" 16px;=\"\" font-style:=\"\" normal;=\"\" font-variant-ligatures:=\"\" font-variant-caps:=\"\" font-weight:=\"\" 700;=\"\" letter-spacing:=\"\" orphans:=\"\" 2;=\"\" text-align:=\"\" left;=\"\" text-indent:=\"\" 0px;=\"\" text-transform:=\"\" none;=\"\" widows:=\"\" word-spacing:=\"\" -webkit-text-stroke-width:=\"\" white-space:=\"\" background-color:=\"\" rgb(255,=\"\" 255,=\"\" 255);=\"\" text-decoration-thickness:=\"\" initial;=\"\" text-decoration-style:=\"\" text-decoration-color:=\"\" display:=\"\" inline=\"\" !important;=\"\" float:=\"\" none;\"=\"\">Pihak Yang Terlibat </span><span class=\"fas fa-info-circle text-success\" data-toggle=\"tooltip\" title=\"Siapa Saja Individu Dan Lembaga Yang Terlibat Dalam Kegiatan Ini?\" font=\"\" awesome=\"\" 5=\"\" free\";=\"\" font-weight:=\"\" 900;=\"\" color:=\"\" rgb(40,=\"\" 167,=\"\" 69)=\"\" !important;=\"\" font-size:=\"\" 16px;=\"\" letter-spacing:=\"\" normal;=\"\" orphans:=\"\" 2;=\"\" text-align:=\"\" left;=\"\" text-indent:=\"\" 0px;=\"\" text-transform:=\"\" none;=\"\" widows:=\"\" word-spacing:=\"\" -webkit-text-stroke-width:=\"\" white-space:=\"\" background-color:=\"\" rgb(255,=\"\" 255,=\"\" 255);=\"\" text-decoration-thickness:=\"\" initial;=\"\" text-decoration-style:=\"\" text-decoration-color:=\"\" initial;\"=\"\"></span><br>Pihak Yang Terlibat<span source=\"\" sans=\"\" pro\",=\"\" -apple-system,=\"\" blinkmacsystemfont,=\"\" \"segoe=\"\" ui\",=\"\" roboto,=\"\" \"helvetica=\"\" neue\",=\"\" arial,=\"\" sans-serif,=\"\" \"apple=\"\" color=\"\" emoji\",=\"\" ui=\"\" symbol\";=\"\" font-size:=\"\" 16px;=\"\" font-style:=\"\" normal;=\"\" font-variant-ligatures:=\"\" font-variant-caps:=\"\" font-weight:=\"\" 700;=\"\" letter-spacing:=\"\" orphans:=\"\" 2;=\"\" text-align:=\"\" left;=\"\" text-indent:=\"\" 0px;=\"\" text-transform:=\"\" none;=\"\" widows:=\"\" word-spacing:=\"\" -webkit-text-stroke-width:=\"\" white-space:=\"\" background-color:=\"\" rgb(255,=\"\" 255,=\"\" 255);=\"\" text-decoration-thickness:=\"\" initial;=\"\" text-decoration-style:=\"\" text-decoration-color:=\"\" display:=\"\" inline=\"\" !important;=\"\" float:=\"\" none;\"=\"\">Pihak Yang Terlibat </span><span class=\"fas fa-info-circle text-success\" data-toggle=\"tooltip\" title=\"Siapa Saja Individu Dan Lembaga Yang Terlibat Dalam Kegiatan Ini?\" font=\"\" awesome=\"\" 5=\"\" free\";=\"\" font-weight:=\"\" 900;=\"\" color:=\"\" rgb(40,=\"\" 167,=\"\" 69)=\"\" !important;=\"\" font-size:=\"\" 16px;=\"\" letter-spacing:=\"\" normal;=\"\" orphans:=\"\" 2;=\"\" text-align:=\"\" left;=\"\" text-indent:=\"\" 0px;=\"\" text-transform:=\"\" none;=\"\" widows:=\"\" word-spacing:=\"\" -webkit-text-stroke-width:=\"\" white-space:=\"\" background-color:=\"\" rgb(255,=\"\" 255,=\"\" 255);=\"\" text-decoration-thickness:=\"\" initial;=\"\" text-decoration-style:=\"\" text-decoration-color:=\"\" initial;\"=\"\"></span><br>Pihak Yang Terlibat<span source=\"\" sans=\"\" pro\",=\"\" -apple-system,=\"\" blinkmacsystemfont,=\"\" \"segoe=\"\" ui\",=\"\" roboto,=\"\" \"helvetica=\"\" neue\",=\"\" arial,=\"\" sans-serif,=\"\" \"apple=\"\" color=\"\" emoji\",=\"\" ui=\"\" symbol\";=\"\" font-size:=\"\" 16px;=\"\" font-style:=\"\" normal;=\"\" font-variant-ligatures:=\"\" font-variant-caps:=\"\" font-weight:=\"\" 700;=\"\" letter-spacing:=\"\" orphans:=\"\" 2;=\"\" text-align:=\"\" left;=\"\" text-indent:=\"\" 0px;=\"\" text-transform:=\"\" none;=\"\" widows:=\"\" word-spacing:=\"\" -webkit-text-stroke-width:=\"\" white-space:=\"\" background-color:=\"\" rgb(255,=\"\" 255,=\"\" 255);=\"\" text-decoration-thickness:=\"\" initial;=\"\" text-decoration-style:=\"\" text-decoration-color:=\"\" display:=\"\" inline=\"\" !important;=\"\" float:=\"\" none;\"=\"\">Pihak Yang Terlibat </span><span class=\"fas fa-info-circle text-success\" data-toggle=\"tooltip\" title=\"Siapa Saja Individu Dan Lembaga Yang Terlibat Dalam Kegiatan Ini?\" font=\"\" awesome=\"\" 5=\"\" free\";=\"\" font-weight:=\"\" 900;=\"\" color:=\"\" rgb(40,=\"\" 167,=\"\" 69)=\"\" !important;=\"\" font-size:=\"\" 16px;=\"\" letter-spacing:=\"\" normal;=\"\" orphans:=\"\" 2;=\"\" text-align:=\"\" left;=\"\" text-indent:=\"\" 0px;=\"\" text-transform:=\"\" none;=\"\" widows:=\"\" word-spacing:=\"\" -webkit-text-stroke-width:=\"\" white-space:=\"\" background-color:=\"\" rgb(255,=\"\" 255,=\"\" 255);=\"\" text-decoration-thickness:=\"\" initial;=\"\" text-decoration-style:=\"\" text-decoration-color:=\"\" initial;\"=\"\"></span></p><p>Pihak Yang Terlibat<span source=\"\" sans=\"\" pro\",=\"\" -apple-system,=\"\" blinkmacsystemfont,=\"\" \"segoe=\"\" ui\",=\"\" roboto,=\"\" \"helvetica=\"\" neue\",=\"\" arial,=\"\" sans-serif,=\"\" \"apple=\"\" color=\"\" emoji\",=\"\" ui=\"\" symbol\";=\"\" font-size:=\"\" 16px;=\"\" font-style:=\"\" normal;=\"\" font-variant-ligatures:=\"\" font-variant-caps:=\"\" font-weight:=\"\" 700;=\"\" letter-spacing:=\"\" orphans:=\"\" 2;=\"\" text-align:=\"\" left;=\"\" text-indent:=\"\" 0px;=\"\" text-transform:=\"\" none;=\"\" widows:=\"\" word-spacing:=\"\" -webkit-text-stroke-width:=\"\" white-space:=\"\" background-color:=\"\" rgb(255,=\"\" 255,=\"\" 255);=\"\" text-decoration-thickness:=\"\" initial;=\"\" text-decoration-style:=\"\" text-decoration-color:=\"\" display:=\"\" inline=\"\" !important;=\"\" float:=\"\" none;\"=\"\">Pihak Yang Terlibat </span><span class=\"fas fa-info-circle text-success\" data-toggle=\"tooltip\" title=\"Siapa Saja Individu Dan Lembaga Yang Terlibat Dalam Kegiatan Ini?\" font=\"\" awesome=\"\" 5=\"\" free\";=\"\" font-weight:=\"\" 900;=\"\" color:=\"\" rgb(40,=\"\" 167,=\"\" 69)=\"\" !important;=\"\" font-size:=\"\" 16px;=\"\" letter-spacing:=\"\" normal;=\"\" orphans:=\"\" 2;=\"\" text-align:=\"\" left;=\"\" text-indent:=\"\" 0px;=\"\" text-transform:=\"\" none;=\"\" widows:=\"\" word-spacing:=\"\" -webkit-text-stroke-width:=\"\" white-space:=\"\" background-color:=\"\" rgb(255,=\"\" 255,=\"\" 255);=\"\" text-decoration-thickness:=\"\" initial;=\"\" text-decoration-style:=\"\" text-decoration-color:=\"\" initial;\"=\"\"></span></p>','<p>Temuan/Hasil Assessment<span style=\"color: rgb(33, 37, 41); font-family: \" source=\"\" sans=\"\" pro\",=\"\" -apple-system,=\"\" blinkmacsystemfont,=\"\" \"segoe=\"\" ui\",=\"\" roboto,=\"\" \"helvetica=\"\" neue\",=\"\" arial,=\"\" sans-serif,=\"\" \"apple=\"\" color=\"\" emoji\",=\"\" ui=\"\" symbol\";=\"\" font-size:=\"\" 16px;=\"\" font-style:=\"\" normal;=\"\" font-variant-ligatures:=\"\" font-variant-caps:=\"\" font-weight:=\"\" 700;=\"\" letter-spacing:=\"\" orphans:=\"\" 2;=\"\" text-align:=\"\" left;=\"\" text-indent:=\"\" 0px;=\"\" text-transform:=\"\" none;=\"\" widows:=\"\" word-spacing:=\"\" -webkit-text-stroke-width:=\"\" white-space:=\"\" background-color:=\"\" rgb(255,=\"\" 255,=\"\" 255);=\"\" text-decoration-thickness:=\"\" initial;=\"\" text-decoration-style:=\"\" text-decoration-color:=\"\" display:=\"\" inline=\"\" !important;=\"\" float:=\"\" none;\"=\"\">Temuan/Hasil Assessment<span> </span></span><i class=\"fas fa-info-circle text-success\" data-toggle=\"tooltip\" title=\"Jelaskan Secara Detil Hasil Yang Didapatkan Dari Assessment Yang Dilakukan\" style=\"box-sizing: border-box; -webkit-font-smoothing: antialiased; display: inline-block; font-style: normal; font-variant: normal; text-rendering: auto; line-height: 1; font-family: \" font=\"\" awesome=\"\" 5=\"\" free\";=\"\" font-weight:=\"\" 900;=\"\" color:=\"\" rgb(40,=\"\" 167,=\"\" 69)=\"\" !important;=\"\" font-size:=\"\" 16px;=\"\" letter-spacing:=\"\" normal;=\"\" orphans:=\"\" 2;=\"\" text-align:=\"\" left;=\"\" text-indent:=\"\" 0px;=\"\" text-transform:=\"\" none;=\"\" widows:=\"\" word-spacing:=\"\" -webkit-text-stroke-width:=\"\" white-space:=\"\" background-color:=\"\" rgb(255,=\"\" 255,=\"\" 255);=\"\" text-decoration-thickness:=\"\" initial;=\"\" text-decoration-style:=\"\" text-decoration-color:=\"\" initial;\"=\"\"></i><br></p><p>Temuan/Hasil Assessment<span source=\"\" sans=\"\" pro\",=\"\" -apple-system,=\"\" blinkmacsystemfont,=\"\" \"segoe=\"\" ui\",=\"\" roboto,=\"\" \"helvetica=\"\" neue\",=\"\" arial,=\"\" sans-serif,=\"\" \"apple=\"\" color=\"\" emoji\",=\"\" ui=\"\" symbol\";=\"\" font-size:=\"\" 16px;=\"\" font-style:=\"\" normal;=\"\" font-variant-ligatures:=\"\" font-variant-caps:=\"\" font-weight:=\"\" 700;=\"\" letter-spacing:=\"\" orphans:=\"\" 2;=\"\" text-align:=\"\" left;=\"\" text-indent:=\"\" 0px;=\"\" text-transform:=\"\" none;=\"\" widows:=\"\" word-spacing:=\"\" -webkit-text-stroke-width:=\"\" white-space:=\"\" background-color:=\"\" rgb(255,=\"\" 255,=\"\" 255);=\"\" text-decoration-thickness:=\"\" initial;=\"\" text-decoration-style:=\"\" text-decoration-color:=\"\" display:=\"\" inline=\"\" !important;=\"\" float:=\"\" none;\"=\"\">Temuan/Hasil Assessment </span><span class=\"fas fa-info-circle text-success\" data-toggle=\"tooltip\" title=\"Jelaskan Secara Detil Hasil Yang Didapatkan Dari Assessment Yang Dilakukan\" font=\"\" awesome=\"\" 5=\"\" free\";=\"\" font-weight:=\"\" 900;=\"\" color:=\"\" rgb(40,=\"\" 167,=\"\" 69)=\"\" !important;=\"\" font-size:=\"\" 16px;=\"\" letter-spacing:=\"\" normal;=\"\" orphans:=\"\" 2;=\"\" text-align:=\"\" left;=\"\" text-indent:=\"\" 0px;=\"\" text-transform:=\"\" none;=\"\" widows:=\"\" word-spacing:=\"\" -webkit-text-stroke-width:=\"\" white-space:=\"\" background-color:=\"\" rgb(255,=\"\" 255,=\"\" 255);=\"\" text-decoration-thickness:=\"\" initial;=\"\" text-decoration-style:=\"\" text-decoration-color:=\"\" initial;\"=\"\"></span></p><div>Temuan/Hasil Assessment<span source=\"\" sans=\"\" pro\",=\"\" -apple-system,=\"\" blinkmacsystemfont,=\"\" \"segoe=\"\" ui\",=\"\" roboto,=\"\" \"helvetica=\"\" neue\",=\"\" arial,=\"\" sans-serif,=\"\" \"apple=\"\" color=\"\" emoji\",=\"\" ui=\"\" symbol\";=\"\" font-size:=\"\" 16px;=\"\" font-style:=\"\" normal;=\"\" font-variant-ligatures:=\"\" font-variant-caps:=\"\" font-weight:=\"\" 700;=\"\" letter-spacing:=\"\" orphans:=\"\" 2;=\"\" text-align:=\"\" left;=\"\" text-indent:=\"\" 0px;=\"\" text-transform:=\"\" none;=\"\" widows:=\"\" word-spacing:=\"\" -webkit-text-stroke-width:=\"\" white-space:=\"\" background-color:=\"\" rgb(255,=\"\" 255,=\"\" 255);=\"\" text-decoration-thickness:=\"\" initial;=\"\" text-decoration-style:=\"\" text-decoration-color:=\"\" display:=\"\" inline=\"\" !important;=\"\" float:=\"\" none;\"=\"\">Temuan/Hasil Assessment </span><span class=\"fas fa-info-circle text-success\" data-toggle=\"tooltip\" title=\"Jelaskan Secara Detil Hasil Yang Didapatkan Dari Assessment Yang Dilakukan\" font=\"\" awesome=\"\" 5=\"\" free\";=\"\" font-weight:=\"\" 900;=\"\" color:=\"\" rgb(40,=\"\" 167,=\"\" 69)=\"\" !important;=\"\" font-size:=\"\" 16px;=\"\" letter-spacing:=\"\" normal;=\"\" orphans:=\"\" 2;=\"\" text-align:=\"\" left;=\"\" text-indent:=\"\" 0px;=\"\" text-transform:=\"\" none;=\"\" widows:=\"\" word-spacing:=\"\" -webkit-text-stroke-width:=\"\" white-space:=\"\" background-color:=\"\" rgb(255,=\"\" 255,=\"\" 255);=\"\" text-decoration-thickness:=\"\" initial;=\"\" text-decoration-style:=\"\" text-decoration-color:=\"\" initial;\"=\"\"></span></div><div>Temuan/Hasil Assessment<span source=\"\" sans=\"\" pro\",=\"\" -apple-system,=\"\" blinkmacsystemfont,=\"\" \"segoe=\"\" ui\",=\"\" roboto,=\"\" \"helvetica=\"\" neue\",=\"\" arial,=\"\" sans-serif,=\"\" \"apple=\"\" color=\"\" emoji\",=\"\" ui=\"\" symbol\";=\"\" font-size:=\"\" 16px;=\"\" font-style:=\"\" normal;=\"\" font-variant-ligatures:=\"\" font-variant-caps:=\"\" font-weight:=\"\" 700;=\"\" letter-spacing:=\"\" orphans:=\"\" 2;=\"\" text-align:=\"\" left;=\"\" text-indent:=\"\" 0px;=\"\" text-transform:=\"\" none;=\"\" widows:=\"\" word-spacing:=\"\" -webkit-text-stroke-width:=\"\" white-space:=\"\" background-color:=\"\" rgb(255,=\"\" 255,=\"\" 255);=\"\" text-decoration-thickness:=\"\" initial;=\"\" text-decoration-style:=\"\" text-decoration-color:=\"\" display:=\"\" inline=\"\" !important;=\"\" float:=\"\" none;\"=\"\">Temuan/Hasil Assessment </span><span class=\"fas fa-info-circle text-success\" data-toggle=\"tooltip\" title=\"Jelaskan Secara Detil Hasil Yang Didapatkan Dari Assessment Yang Dilakukan\" font=\"\" awesome=\"\" 5=\"\" free\";=\"\" font-weight:=\"\" 900;=\"\" color:=\"\" rgb(40,=\"\" 167,=\"\" 69)=\"\" !important;=\"\" font-size:=\"\" 16px;=\"\" letter-spacing:=\"\" normal;=\"\" orphans:=\"\" 2;=\"\" text-align:=\"\" left;=\"\" text-indent:=\"\" 0px;=\"\" text-transform:=\"\" none;=\"\" widows:=\"\" word-spacing:=\"\" -webkit-text-stroke-width:=\"\" white-space:=\"\" background-color:=\"\" rgb(255,=\"\" 255,=\"\" 255);=\"\" text-decoration-thickness:=\"\" initial;=\"\" text-decoration-style:=\"\" text-decoration-color:=\"\" initial;\"=\"\"></span></div><div>Temuan/Hasil Assessment<span source=\"\" sans=\"\" pro\",=\"\" -apple-system,=\"\" blinkmacsystemfont,=\"\" \"segoe=\"\" ui\",=\"\" roboto,=\"\" \"helvetica=\"\" neue\",=\"\" arial,=\"\" sans-serif,=\"\" \"apple=\"\" color=\"\" emoji\",=\"\" ui=\"\" symbol\";=\"\" font-size:=\"\" 16px;=\"\" font-style:=\"\" normal;=\"\" font-variant-ligatures:=\"\" font-variant-caps:=\"\" font-weight:=\"\" 700;=\"\" letter-spacing:=\"\" orphans:=\"\" 2;=\"\" text-align:=\"\" left;=\"\" text-indent:=\"\" 0px;=\"\" text-transform:=\"\" none;=\"\" widows:=\"\" word-spacing:=\"\" -webkit-text-stroke-width:=\"\" white-space:=\"\" background-color:=\"\" rgb(255,=\"\" 255,=\"\" 255);=\"\" text-decoration-thickness:=\"\" initial;=\"\" text-decoration-style:=\"\" text-decoration-color:=\"\" display:=\"\" inline=\"\" !important;=\"\" float:=\"\" none;\"=\"\">Temuan/Hasil Assessment </span><span class=\"fas fa-info-circle text-success\" data-toggle=\"tooltip\" title=\"Jelaskan Secara Detil Hasil Yang Didapatkan Dari Assessment Yang Dilakukan\" font=\"\" awesome=\"\" 5=\"\" free\";=\"\" font-weight:=\"\" 900;=\"\" color:=\"\" rgb(40,=\"\" 167,=\"\" 69)=\"\" !important;=\"\" font-size:=\"\" 16px;=\"\" letter-spacing:=\"\" normal;=\"\" orphans:=\"\" 2;=\"\" text-align:=\"\" left;=\"\" text-indent:=\"\" 0px;=\"\" text-transform:=\"\" none;=\"\" widows:=\"\" word-spacing:=\"\" -webkit-text-stroke-width:=\"\" white-space:=\"\" background-color:=\"\" rgb(255,=\"\" 255,=\"\" 255);=\"\" text-decoration-thickness:=\"\" initial;=\"\" text-decoration-style:=\"\" text-decoration-color:=\"\" initial;\"=\"\"></span></div><div>Temuan/Hasil Assessment<span source=\"\" sans=\"\" pro\",=\"\" -apple-system,=\"\" blinkmacsystemfont,=\"\" \"segoe=\"\" ui\",=\"\" roboto,=\"\" \"helvetica=\"\" neue\",=\"\" arial,=\"\" sans-serif,=\"\" \"apple=\"\" color=\"\" emoji\",=\"\" ui=\"\" symbol\";=\"\" font-size:=\"\" 16px;=\"\" font-style:=\"\" normal;=\"\" font-variant-ligatures:=\"\" font-variant-caps:=\"\" font-weight:=\"\" 700;=\"\" letter-spacing:=\"\" orphans:=\"\" 2;=\"\" text-align:=\"\" left;=\"\" text-indent:=\"\" 0px;=\"\" text-transform:=\"\" none;=\"\" widows:=\"\" word-spacing:=\"\" -webkit-text-stroke-width:=\"\" white-space:=\"\" background-color:=\"\" rgb(255,=\"\" 255,=\"\" 255);=\"\" text-decoration-thickness:=\"\" initial;=\"\" text-decoration-style:=\"\" text-decoration-color:=\"\" display:=\"\" inline=\"\" !important;=\"\" float:=\"\" none;\"=\"\">Temuan/Hasil Assessment </span><span class=\"fas fa-info-circle text-success\" data-toggle=\"tooltip\" title=\"Jelaskan Secara Detil Hasil Yang Didapatkan Dari Assessment Yang Dilakukan\" font=\"\" awesome=\"\" 5=\"\" free\";=\"\" font-weight:=\"\" 900;=\"\" color:=\"\" rgb(40,=\"\" 167,=\"\" 69)=\"\" !important;=\"\" font-size:=\"\" 16px;=\"\" letter-spacing:=\"\" normal;=\"\" orphans:=\"\" 2;=\"\" text-align:=\"\" left;=\"\" text-indent:=\"\" 0px;=\"\" text-transform:=\"\" none;=\"\" widows:=\"\" word-spacing:=\"\" -webkit-text-stroke-width:=\"\" white-space:=\"\" background-color:=\"\" rgb(255,=\"\" 255,=\"\" 255);=\"\" text-decoration-thickness:=\"\" initial;=\"\" text-decoration-style:=\"\" text-decoration-color:=\"\" initial;\"=\"\"></span></div><div>Temuan/Hasil Assessment<span source=\"\" sans=\"\" pro\",=\"\" -apple-system,=\"\" blinkmacsystemfont,=\"\" \"segoe=\"\" ui\",=\"\" roboto,=\"\" \"helvetica=\"\" neue\",=\"\" arial,=\"\" sans-serif,=\"\" \"apple=\"\" color=\"\" emoji\",=\"\" ui=\"\" symbol\";=\"\" font-size:=\"\" 16px;=\"\" font-style:=\"\" normal;=\"\" font-variant-ligatures:=\"\" font-variant-caps:=\"\" font-weight:=\"\" 700;=\"\" letter-spacing:=\"\" orphans:=\"\" 2;=\"\" text-align:=\"\" left;=\"\" text-indent:=\"\" 0px;=\"\" text-transform:=\"\" none;=\"\" widows:=\"\" word-spacing:=\"\" -webkit-text-stroke-width:=\"\" white-space:=\"\" background-color:=\"\" rgb(255,=\"\" 255,=\"\" 255);=\"\" text-decoration-thickness:=\"\" initial;=\"\" text-decoration-style:=\"\" text-decoration-color:=\"\" display:=\"\" inline=\"\" !important;=\"\" float:=\"\" none;\"=\"\">Temuan/Hasil Assessment </span><span class=\"fas fa-info-circle text-success\" data-toggle=\"tooltip\" title=\"Jelaskan Secara Detil Hasil Yang Didapatkan Dari Assessment Yang Dilakukan\" font=\"\" awesome=\"\" 5=\"\" free\";=\"\" font-weight:=\"\" 900;=\"\" color:=\"\" rgb(40,=\"\" 167,=\"\" 69)=\"\" !important;=\"\" font-size:=\"\" 16px;=\"\" letter-spacing:=\"\" normal;=\"\" orphans:=\"\" 2;=\"\" text-align:=\"\" left;=\"\" text-indent:=\"\" 0px;=\"\" text-transform:=\"\" none;=\"\" widows:=\"\" word-spacing:=\"\" -webkit-text-stroke-width:=\"\" white-space:=\"\" background-color:=\"\" rgb(255,=\"\" 255,=\"\" 255);=\"\" text-decoration-thickness:=\"\" initial;=\"\" text-decoration-style:=\"\" text-decoration-color:=\"\" initial;\"=\"\"></span></div><div>Temuan/Hasil Assessment<span source=\"\" sans=\"\" pro\",=\"\" -apple-system,=\"\" blinkmacsystemfont,=\"\" \"segoe=\"\" ui\",=\"\" roboto,=\"\" \"helvetica=\"\" neue\",=\"\" arial,=\"\" sans-serif,=\"\" \"apple=\"\" color=\"\" emoji\",=\"\" ui=\"\" symbol\";=\"\" font-size:=\"\" 16px;=\"\" font-style:=\"\" normal;=\"\" font-variant-ligatures:=\"\" font-variant-caps:=\"\" font-weight:=\"\" 700;=\"\" letter-spacing:=\"\" orphans:=\"\" 2;=\"\" text-align:=\"\" left;=\"\" text-indent:=\"\" 0px;=\"\" text-transform:=\"\" none;=\"\" widows:=\"\" word-spacing:=\"\" -webkit-text-stroke-width:=\"\" white-space:=\"\" background-color:=\"\" rgb(255,=\"\" 255,=\"\" 255);=\"\" text-decoration-thickness:=\"\" initial;=\"\" text-decoration-style:=\"\" text-decoration-color:=\"\" display:=\"\" inline=\"\" !important;=\"\" float:=\"\" none;\"=\"\">Temuan/Hasil Assessment </span><span class=\"fas fa-info-circle text-success\" data-toggle=\"tooltip\" title=\"Jelaskan Secara Detil Hasil Yang Didapatkan Dari Assessment Yang Dilakukan\" font=\"\" awesome=\"\" 5=\"\" free\";=\"\" font-weight:=\"\" 900;=\"\" color:=\"\" rgb(40,=\"\" 167,=\"\" 69)=\"\" !important;=\"\" font-size:=\"\" 16px;=\"\" letter-spacing:=\"\" normal;=\"\" orphans:=\"\" 2;=\"\" text-align:=\"\" left;=\"\" text-indent:=\"\" 0px;=\"\" text-transform:=\"\" none;=\"\" widows:=\"\" word-spacing:=\"\" -webkit-text-stroke-width:=\"\" white-space:=\"\" background-color:=\"\" rgb(255,=\"\" 255,=\"\" 255);=\"\" text-decoration-thickness:=\"\" initial;=\"\" text-decoration-style:=\"\" text-decoration-color:=\"\" initial;\"=\"\"></span></div><div>Temuan/Hasil Assessment<span source=\"\" sans=\"\" pro\",=\"\" -apple-system,=\"\" blinkmacsystemfont,=\"\" \"segoe=\"\" ui\",=\"\" roboto,=\"\" \"helvetica=\"\" neue\",=\"\" arial,=\"\" sans-serif,=\"\" \"apple=\"\" color=\"\" emoji\",=\"\" ui=\"\" symbol\";=\"\" font-size:=\"\" 16px;=\"\" font-style:=\"\" normal;=\"\" font-variant-ligatures:=\"\" font-variant-caps:=\"\" font-weight:=\"\" 700;=\"\" letter-spacing:=\"\" orphans:=\"\" 2;=\"\" text-align:=\"\" left;=\"\" text-indent:=\"\" 0px;=\"\" text-transform:=\"\" none;=\"\" widows:=\"\" word-spacing:=\"\" -webkit-text-stroke-width:=\"\" white-space:=\"\" background-color:=\"\" rgb(255,=\"\" 255,=\"\" 255);=\"\" text-decoration-thickness:=\"\" initial;=\"\" text-decoration-style:=\"\" text-decoration-color:=\"\" display:=\"\" inline=\"\" !important;=\"\" float:=\"\" none;\"=\"\">Temuan/Hasil Assessment </span><span class=\"fas fa-info-circle text-success\" data-toggle=\"tooltip\" title=\"Jelaskan Secara Detil Hasil Yang Didapatkan Dari Assessment Yang Dilakukan\" font=\"\" awesome=\"\" 5=\"\" free\";=\"\" font-weight:=\"\" 900;=\"\" color:=\"\" rgb(40,=\"\" 167,=\"\" 69)=\"\" !important;=\"\" font-size:=\"\" 16px;=\"\" letter-spacing:=\"\" normal;=\"\" orphans:=\"\" 2;=\"\" text-align:=\"\" left;=\"\" text-indent:=\"\" 0px;=\"\" text-transform:=\"\" none;=\"\" widows:=\"\" word-spacing:=\"\" -webkit-text-stroke-width:=\"\" white-space:=\"\" background-color:=\"\" rgb(255,=\"\" 255,=\"\" 255);=\"\" text-decoration-thickness:=\"\" initial;=\"\" text-decoration-style:=\"\" text-decoration-color:=\"\" initial;\"=\"\"></span></div><div><br></div>',1,'<p>Apakah Membutuhkan Assessment Tambahan?<span source=\"\" sans=\"\" pro\",=\"\" -apple-system,=\"\" blinkmacsystemfont,=\"\" \"segoe=\"\" ui\",=\"\" roboto,=\"\" \"helvetica=\"\" neue\",=\"\" arial,=\"\" sans-serif,=\"\" \"apple=\"\" color=\"\" emoji\",=\"\" ui=\"\" symbol\";=\"\" font-size:=\"\" 16px;=\"\" font-style:=\"\" normal;=\"\" font-variant-ligatures:=\"\" font-variant-caps:=\"\" font-weight:=\"\" 700;=\"\" letter-spacing:=\"\" orphans:=\"\" 2;=\"\" text-align:=\"\" left;=\"\" text-indent:=\"\" 0px;=\"\" text-transform:=\"\" none;=\"\" widows:=\"\" word-spacing:=\"\" -webkit-text-stroke-width:=\"\" white-space:=\"\" background-color:=\"\" rgb(255,=\"\" 255,=\"\" 255);=\"\" text-decoration-thickness:=\"\" initial;=\"\" text-decoration-style:=\"\" text-decoration-color:=\"\" display:=\"\" inline=\"\" !important;=\"\" float:=\"\" none;\"=\"\">Apakah Membutuhkan Assessment Tambahan? </span><span class=\"fas fa-info-circle text-success\" data-toggle=\"tooltip\" title=\"-\" font=\"\" awesome=\"\" 5=\"\" free\";=\"\" font-weight:=\"\" 900;=\"\" color:=\"\" rgb(40,=\"\" 167,=\"\" 69)=\"\" !important;=\"\" font-size:=\"\" 16px;=\"\" letter-spacing:=\"\" normal;=\"\" orphans:=\"\" 2;=\"\" text-align:=\"\" left;=\"\" text-indent:=\"\" 0px;=\"\" text-transform:=\"\" none;=\"\" widows:=\"\" word-spacing:=\"\" -webkit-text-stroke-width:=\"\" white-space:=\"\" background-color:=\"\" rgb(255,=\"\" 255,=\"\" 255);=\"\" text-decoration-thickness:=\"\" initial;=\"\" text-decoration-style:=\"\" text-decoration-color:=\"\" initial;\"=\"\"></span></p><div>Apakah Membutuhkan Assessment Tambahan?<span source=\"\" sans=\"\" pro\",=\"\" -apple-system,=\"\" blinkmacsystemfont,=\"\" \"segoe=\"\" ui\",=\"\" roboto,=\"\" \"helvetica=\"\" neue\",=\"\" arial,=\"\" sans-serif,=\"\" \"apple=\"\" color=\"\" emoji\",=\"\" ui=\"\" symbol\";=\"\" font-size:=\"\" 16px;=\"\" font-style:=\"\" normal;=\"\" font-variant-ligatures:=\"\" font-variant-caps:=\"\" font-weight:=\"\" 700;=\"\" letter-spacing:=\"\" orphans:=\"\" 2;=\"\" text-align:=\"\" left;=\"\" text-indent:=\"\" 0px;=\"\" text-transform:=\"\" none;=\"\" widows:=\"\" word-spacing:=\"\" -webkit-text-stroke-width:=\"\" white-space:=\"\" background-color:=\"\" rgb(255,=\"\" 255,=\"\" 255);=\"\" text-decoration-thickness:=\"\" initial;=\"\" text-decoration-style:=\"\" text-decoration-color:=\"\" display:=\"\" inline=\"\" !important;=\"\" float:=\"\" none;\"=\"\">Apakah Membutuhkan Assessment Tambahan? </span><span class=\"fas fa-info-circle text-success\" data-toggle=\"tooltip\" title=\"-\" font=\"\" awesome=\"\" 5=\"\" free\";=\"\" font-weight:=\"\" 900;=\"\" color:=\"\" rgb(40,=\"\" 167,=\"\" 69)=\"\" !important;=\"\" font-size:=\"\" 16px;=\"\" letter-spacing:=\"\" normal;=\"\" orphans:=\"\" 2;=\"\" text-align:=\"\" left;=\"\" text-indent:=\"\" 0px;=\"\" text-transform:=\"\" none;=\"\" widows:=\"\" word-spacing:=\"\" -webkit-text-stroke-width:=\"\" white-space:=\"\" background-color:=\"\" rgb(255,=\"\" 255,=\"\" 255);=\"\" text-decoration-thickness:=\"\" initial;=\"\" text-decoration-style:=\"\" text-decoration-color:=\"\" initial;\"=\"\"></span></div><div>Apakah Membutuhkan Assessment Tambahan?<span source=\"\" sans=\"\" pro\",=\"\" -apple-system,=\"\" blinkmacsystemfont,=\"\" \"segoe=\"\" ui\",=\"\" roboto,=\"\" \"helvetica=\"\" neue\",=\"\" arial,=\"\" sans-serif,=\"\" \"apple=\"\" color=\"\" emoji\",=\"\" ui=\"\" symbol\";=\"\" font-size:=\"\" 16px;=\"\" font-style:=\"\" normal;=\"\" font-variant-ligatures:=\"\" font-variant-caps:=\"\" font-weight:=\"\" 700;=\"\" letter-spacing:=\"\" orphans:=\"\" 2;=\"\" text-align:=\"\" left;=\"\" text-indent:=\"\" 0px;=\"\" text-transform:=\"\" none;=\"\" widows:=\"\" word-spacing:=\"\" -webkit-text-stroke-width:=\"\" white-space:=\"\" background-color:=\"\" rgb(255,=\"\" 255,=\"\" 255);=\"\" text-decoration-thickness:=\"\" initial;=\"\" text-decoration-style:=\"\" text-decoration-color:=\"\" display:=\"\" inline=\"\" !important;=\"\" float:=\"\" none;\"=\"\">Apakah Membutuhkan Assessment Tambahan? </span><span class=\"fas fa-info-circle text-success\" data-toggle=\"tooltip\" title=\"-\" font=\"\" awesome=\"\" 5=\"\" free\";=\"\" font-weight:=\"\" 900;=\"\" color:=\"\" rgb(40,=\"\" 167,=\"\" 69)=\"\" !important;=\"\" font-size:=\"\" 16px;=\"\" letter-spacing:=\"\" normal;=\"\" orphans:=\"\" 2;=\"\" text-align:=\"\" left;=\"\" text-indent:=\"\" 0px;=\"\" text-transform:=\"\" none;=\"\" widows:=\"\" word-spacing:=\"\" -webkit-text-stroke-width:=\"\" white-space:=\"\" background-color:=\"\" rgb(255,=\"\" 255,=\"\" 255);=\"\" text-decoration-thickness:=\"\" initial;=\"\" text-decoration-style:=\"\" text-decoration-color:=\"\" initial;\"=\"\"></span></div><div>Apakah Membutuhkan Assessment Tambahan?<span source=\"\" sans=\"\" pro\",=\"\" -apple-system,=\"\" blinkmacsystemfont,=\"\" \"segoe=\"\" ui\",=\"\" roboto,=\"\" \"helvetica=\"\" neue\",=\"\" arial,=\"\" sans-serif,=\"\" \"apple=\"\" color=\"\" emoji\",=\"\" ui=\"\" symbol\";=\"\" font-size:=\"\" 16px;=\"\" font-style:=\"\" normal;=\"\" font-variant-ligatures:=\"\" font-variant-caps:=\"\" font-weight:=\"\" 700;=\"\" letter-spacing:=\"\" orphans:=\"\" 2;=\"\" text-align:=\"\" left;=\"\" text-indent:=\"\" 0px;=\"\" text-transform:=\"\" none;=\"\" widows:=\"\" word-spacing:=\"\" -webkit-text-stroke-width:=\"\" white-space:=\"\" background-color:=\"\" rgb(255,=\"\" 255,=\"\" 255);=\"\" text-decoration-thickness:=\"\" initial;=\"\" text-decoration-style:=\"\" text-decoration-color:=\"\" display:=\"\" inline=\"\" !important;=\"\" float:=\"\" none;\"=\"\">Apakah Membutuhkan Assessment Tambahan? </span><span class=\"fas fa-info-circle text-success\" data-toggle=\"tooltip\" title=\"-\" font=\"\" awesome=\"\" 5=\"\" free\";=\"\" font-weight:=\"\" 900;=\"\" color:=\"\" rgb(40,=\"\" 167,=\"\" 69)=\"\" !important;=\"\" font-size:=\"\" 16px;=\"\" letter-spacing:=\"\" normal;=\"\" orphans:=\"\" 2;=\"\" text-align:=\"\" left;=\"\" text-indent:=\"\" 0px;=\"\" text-transform:=\"\" none;=\"\" widows:=\"\" word-spacing:=\"\" -webkit-text-stroke-width:=\"\" white-space:=\"\" background-color:=\"\" rgb(255,=\"\" 255,=\"\" 255);=\"\" text-decoration-thickness:=\"\" initial;=\"\" text-decoration-style:=\"\" text-decoration-color:=\"\" initial;\"=\"\"></span></div><div>Apakah Membutuhkan Assessment Tambahan?<span source=\"\" sans=\"\" pro\",=\"\" -apple-system,=\"\" blinkmacsystemfont,=\"\" \"segoe=\"\" ui\",=\"\" roboto,=\"\" \"helvetica=\"\" neue\",=\"\" arial,=\"\" sans-serif,=\"\" \"apple=\"\" color=\"\" emoji\",=\"\" ui=\"\" symbol\";=\"\" font-size:=\"\" 16px;=\"\" font-style:=\"\" normal;=\"\" font-variant-ligatures:=\"\" font-variant-caps:=\"\" font-weight:=\"\" 700;=\"\" letter-spacing:=\"\" orphans:=\"\" 2;=\"\" text-align:=\"\" left;=\"\" text-indent:=\"\" 0px;=\"\" text-transform:=\"\" none;=\"\" widows:=\"\" word-spacing:=\"\" -webkit-text-stroke-width:=\"\" white-space:=\"\" background-color:=\"\" rgb(255,=\"\" 255,=\"\" 255);=\"\" text-decoration-thickness:=\"\" initial;=\"\" text-decoration-style:=\"\" text-decoration-color:=\"\" display:=\"\" inline=\"\" !important;=\"\" float:=\"\" none;\"=\"\">Apakah Membutuhkan Assessment Tambahan? </span><span class=\"fas fa-info-circle text-success\" data-toggle=\"tooltip\" title=\"-\" font=\"\" awesome=\"\" 5=\"\" free\";=\"\" font-weight:=\"\" 900;=\"\" color:=\"\" rgb(40,=\"\" 167,=\"\" 69)=\"\" !important;=\"\" font-size:=\"\" 16px;=\"\" letter-spacing:=\"\" normal;=\"\" orphans:=\"\" 2;=\"\" text-align:=\"\" left;=\"\" text-indent:=\"\" 0px;=\"\" text-transform:=\"\" none;=\"\" widows:=\"\" word-spacing:=\"\" -webkit-text-stroke-width:=\"\" white-space:=\"\" background-color:=\"\" rgb(255,=\"\" 255,=\"\" 255);=\"\" text-decoration-thickness:=\"\" initial;=\"\" text-decoration-style:=\"\" text-decoration-color:=\"\" initial;\"=\"\"></span></div><div><br></div><p>Apakah Membutuhkan Assessment Tambahan?<span style=\"color: rgb(33, 37, 41); font-family: \" source=\"\" sans=\"\" pro\",=\"\" -apple-system,=\"\" blinkmacsystemfont,=\"\" \"segoe=\"\" ui\",=\"\" roboto,=\"\" \"helvetica=\"\" neue\",=\"\" arial,=\"\" sans-serif,=\"\" \"apple=\"\" color=\"\" emoji\",=\"\" ui=\"\" symbol\";=\"\" font-size:=\"\" 16px;=\"\" font-style:=\"\" normal;=\"\" font-variant-ligatures:=\"\" font-variant-caps:=\"\" font-weight:=\"\" 700;=\"\" letter-spacing:=\"\" orphans:=\"\" 2;=\"\" text-align:=\"\" left;=\"\" text-indent:=\"\" 0px;=\"\" text-transform:=\"\" none;=\"\" widows:=\"\" word-spacing:=\"\" -webkit-text-stroke-width:=\"\" white-space:=\"\" background-color:=\"\" rgb(255,=\"\" 255,=\"\" 255);=\"\" text-decoration-thickness:=\"\" initial;=\"\" text-decoration-style:=\"\" text-decoration-color:=\"\" display:=\"\" inline=\"\" !important;=\"\" float:=\"\" none;\"=\"\">Apakah Membutuhkan Assessment Tambahan?<span> </span></span><i class=\"fas fa-info-circle text-success\" data-toggle=\"tooltip\" title=\"-\" style=\"box-sizing: border-box; -webkit-font-smoothing: antialiased; display: inline-block; font-style: normal; font-variant: normal; text-rendering: auto; line-height: 1; font-family: \" font=\"\" awesome=\"\" 5=\"\" free\";=\"\" font-weight:=\"\" 900;=\"\" color:=\"\" rgb(40,=\"\" 167,=\"\" 69)=\"\" !important;=\"\" font-size:=\"\" 16px;=\"\" letter-spacing:=\"\" normal;=\"\" orphans:=\"\" 2;=\"\" text-align:=\"\" left;=\"\" text-indent:=\"\" 0px;=\"\" text-transform:=\"\" none;=\"\" widows:=\"\" word-spacing:=\"\" -webkit-text-stroke-width:=\"\" white-space:=\"\" background-color:=\"\" rgb(255,=\"\" 255,=\"\" 255);=\"\" text-decoration-thickness:=\"\" initial;=\"\" text-decoration-style:=\"\" text-decoration-color:=\"\" initial;\"=\"\"></i><br></p>','<p>Kendala/Tantangan Dan Solusi Yang Diterapkan<span style=\"color: rgb(33, 37, 41); font-family: \"Source Sans Pro\", -apple-system, BlinkMacSystemFont, \"Segoe UI\", Roboto, \"Helvetica Neue\", Arial, sans-serif, \"Apple Color Emoji\", \"Segoe UI Emoji\", \"Segoe UI Symbol\"; font-size: 16px; font-style: normal; font-variant-ligatures: normal; font-variant-caps: normal; font-weight: 700; letter-spacing: normal; orphans: 2; text-align: left; text-indent: 0px; text-transform: none; widows: 2; word-spacing: 0px; -webkit-text-stroke-width: 0px; white-space: normal; background-color: rgb(255, 255, 255); text-decoration-thickness: initial; text-decoration-style: initial; text-decoration-color: initial; display: inline !important; float: none;\">Kendala/Tantangan Dan Solusi Yang Diterapkan<span> </span></span><i class=\"fas fa-info-circle text-success\" data-toggle=\"tooltip\" title=\"Silahkan Isi Dan Jabarkan Tantangan Yang Ditemui Selama Menjalankan Kegiatan, Serta Solusinya Berdasarkan Hasil Evaluasi Kegiatan (Jika Ada).\" style=\"box-sizing: border-box; -webkit-font-smoothing: antialiased; display: inline-block; font-style: normal; font-variant: normal; text-rendering: auto; line-height: 1; font-family: \"Font Awesome 5 Free\"; font-weight: 900; color: rgb(40, 167, 69) !important; font-size: 16px; letter-spacing: normal; orphans: 2; text-align: left; text-indent: 0px; text-transform: none; widows: 2; word-spacing: 0px; -webkit-text-stroke-width: 0px; white-space: normal; background-color: rgb(255, 255, 255); text-decoration-thickness: initial; text-decoration-style: initial; text-decoration-color: initial;\"></i><br></p>','<p>Isu Yang Perlu Dipehatikan Dan Rekomendasinya<span style=\"color: rgb(33, 37, 41); font-family: \"Source Sans Pro\", -apple-system, BlinkMacSystemFont, \"Segoe UI\", Roboto, \"Helvetica Neue\", Arial, sans-serif, \"Apple Color Emoji\", \"Segoe UI Emoji\", \"Segoe UI Symbol\"; font-size: 16px; font-style: normal; font-variant-ligatures: normal; font-variant-caps: normal; font-weight: 700; letter-spacing: normal; orphans: 2; text-align: left; text-indent: 0px; text-transform: none; widows: 2; word-spacing: 0px; -webkit-text-stroke-width: 0px; white-space: normal; background-color: rgb(255, 255, 255); text-decoration-thickness: initial; text-decoration-style: initial; text-decoration-color: initial; display: inline !important; float: none;\">Isu Yang Perlu Dipehatikan Dan Rekomendasinya<span> </span></span><i class=\"fas fa-info-circle text-success\" data-toggle=\"tooltip\" title=\"Silahkan Isi Dan Jabarkan Isu-Isu Yang Perlu Diperhatikan (Bersifat Di Luar Kendali Tim) Selama Menjalankan Kegiatan, Serta Rekomendasi Yang Perlu Diambil Berdasarkan Hasil Evaluasi Kegiatan (Jika Ada).\" style=\"box-sizing: border-box; -webkit-font-smoothing: antialiased; display: inline-block; font-style: normal; font-variant: normal; text-rendering: auto; line-height: 1; font-family: \"Font Awesome 5 Free\"; font-weight: 900; color: rgb(40, 167, 69) !important; font-size: 16px; letter-spacing: normal; orphans: 2; text-align: left; text-indent: 0px; text-transform: none; widows: 2; word-spacing: 0px; -webkit-text-stroke-width: 0px; white-space: normal; background-color: rgb(255, 255, 255); text-decoration-thickness: initial; text-decoration-style: initial; text-decoration-color: initial;\"></i><br></p>','<p>Pembelajaran<span source=\"\" sans=\"\" pro\",=\"\" -apple-system,=\"\" blinkmacsystemfont,=\"\" \"segoe=\"\" ui\",=\"\" roboto,=\"\" \"helvetica=\"\" neue\",=\"\" arial,=\"\" sans-serif,=\"\" \"apple=\"\" color=\"\" emoji\",=\"\" ui=\"\" symbol\";=\"\" font-size:=\"\" 16px;=\"\" font-style:=\"\" normal;=\"\" font-variant-ligatures:=\"\" font-variant-caps:=\"\" font-weight:=\"\" 700;=\"\" letter-spacing:=\"\" orphans:=\"\" 2;=\"\" text-align:=\"\" left;=\"\" text-indent:=\"\" 0px;=\"\" text-transform:=\"\" none;=\"\" widows:=\"\" word-spacing:=\"\" -webkit-text-stroke-width:=\"\" white-space:=\"\" background-color:=\"\" rgb(255,=\"\" 255,=\"\" 255);=\"\" text-decoration-thickness:=\"\" initial;=\"\" text-decoration-style:=\"\" text-decoration-color:=\"\" display:=\"\" inline=\"\" !important;=\"\" float:=\"\" none;\"=\"\">Pembelajaran </span><span class=\"fas fa-info-circle text-success\" data-toggle=\"tooltip\" title=\"Silakan Isi Dan Jabarkan Pembelajaran Apa Yang Bisa Didapatkan Selama Proses Pelaksanaan Kegiatan. Bisa Diambil Dari Hasil Evaluasi Internal Tim Dan Form Frm Yang Diisi Partisipan. Silakan Fokus Pada Rekomendasi Pembelajarannya.\" font=\"\" awesome=\"\" 5=\"\" free\";=\"\" font-weight:=\"\" 900;=\"\" color:=\"\" rgb(40,=\"\" 167,=\"\" 69)=\"\" !important;=\"\" font-size:=\"\" 16px;=\"\" letter-spacing:=\"\" normal;=\"\" orphans:=\"\" 2;=\"\" text-align:=\"\" left;=\"\" text-indent:=\"\" 0px;=\"\" text-transform:=\"\" none;=\"\" widows:=\"\" word-spacing:=\"\" -webkit-text-stroke-width:=\"\" white-space:=\"\" background-color:=\"\" rgb(255,=\"\" 255,=\"\" 255);=\"\" text-decoration-thickness:=\"\" initial;=\"\" text-decoration-style:=\"\" text-decoration-color:=\"\" initial;\"=\"\"></span></p><div>Pembelajaran<span source=\"\" sans=\"\" pro\",=\"\" -apple-system,=\"\" blinkmacsystemfont,=\"\" \"segoe=\"\" ui\",=\"\" roboto,=\"\" \"helvetica=\"\" neue\",=\"\" arial,=\"\" sans-serif,=\"\" \"apple=\"\" color=\"\" emoji\",=\"\" ui=\"\" symbol\";=\"\" font-size:=\"\" 16px;=\"\" font-style:=\"\" normal;=\"\" font-variant-ligatures:=\"\" font-variant-caps:=\"\" font-weight:=\"\" 700;=\"\" letter-spacing:=\"\" orphans:=\"\" 2;=\"\" text-align:=\"\" left;=\"\" text-indent:=\"\" 0px;=\"\" text-transform:=\"\" none;=\"\" widows:=\"\" word-spacing:=\"\" -webkit-text-stroke-width:=\"\" white-space:=\"\" background-color:=\"\" rgb(255,=\"\" 255,=\"\" 255);=\"\" text-decoration-thickness:=\"\" initial;=\"\" text-decoration-style:=\"\" text-decoration-color:=\"\" display:=\"\" inline=\"\" !important;=\"\" float:=\"\" none;\"=\"\">Pembelajaran </span><span class=\"fas fa-info-circle text-success\" data-toggle=\"tooltip\" title=\"Silakan Isi Dan Jabarkan Pembelajaran Apa Yang Bisa Didapatkan Selama Proses Pelaksanaan Kegiatan. Bisa Diambil Dari Hasil Evaluasi Internal Tim Dan Form Frm Yang Diisi Partisipan. Silakan Fokus Pada Rekomendasi Pembelajarannya.\" font=\"\" awesome=\"\" 5=\"\" free\";=\"\" font-weight:=\"\" 900;=\"\" color:=\"\" rgb(40,=\"\" 167,=\"\" 69)=\"\" !important;=\"\" font-size:=\"\" 16px;=\"\" letter-spacing:=\"\" normal;=\"\" orphans:=\"\" 2;=\"\" text-align:=\"\" left;=\"\" text-indent:=\"\" 0px;=\"\" text-transform:=\"\" none;=\"\" widows:=\"\" word-spacing:=\"\" -webkit-text-stroke-width:=\"\" white-space:=\"\" background-color:=\"\" rgb(255,=\"\" 255,=\"\" 255);=\"\" text-decoration-thickness:=\"\" initial;=\"\" text-decoration-style:=\"\" text-decoration-color:=\"\" initial;\"=\"\"></span></div><div>Pembelajaran<span source=\"\" sans=\"\" pro\",=\"\" -apple-system,=\"\" blinkmacsystemfont,=\"\" \"segoe=\"\" ui\",=\"\" roboto,=\"\" \"helvetica=\"\" neue\",=\"\" arial,=\"\" sans-serif,=\"\" \"apple=\"\" color=\"\" emoji\",=\"\" ui=\"\" symbol\";=\"\" font-size:=\"\" 16px;=\"\" font-style:=\"\" normal;=\"\" font-variant-ligatures:=\"\" font-variant-caps:=\"\" font-weight:=\"\" 700;=\"\" letter-spacing:=\"\" orphans:=\"\" 2;=\"\" text-align:=\"\" left;=\"\" text-indent:=\"\" 0px;=\"\" text-transform:=\"\" none;=\"\" widows:=\"\" word-spacing:=\"\" -webkit-text-stroke-width:=\"\" white-space:=\"\" background-color:=\"\" rgb(255,=\"\" 255,=\"\" 255);=\"\" text-decoration-thickness:=\"\" initial;=\"\" text-decoration-style:=\"\" text-decoration-color:=\"\" display:=\"\" inline=\"\" !important;=\"\" float:=\"\" none;\"=\"\">Pembelajaran </span><span class=\"fas fa-info-circle text-success\" data-toggle=\"tooltip\" title=\"Silakan Isi Dan Jabarkan Pembelajaran Apa Yang Bisa Didapatkan Selama Proses Pelaksanaan Kegiatan. Bisa Diambil Dari Hasil Evaluasi Internal Tim Dan Form Frm Yang Diisi Partisipan. Silakan Fokus Pada Rekomendasi Pembelajarannya.\" font=\"\" awesome=\"\" 5=\"\" free\";=\"\" font-weight:=\"\" 900;=\"\" color:=\"\" rgb(40,=\"\" 167,=\"\" 69)=\"\" !important;=\"\" font-size:=\"\" 16px;=\"\" letter-spacing:=\"\" normal;=\"\" orphans:=\"\" 2;=\"\" text-align:=\"\" left;=\"\" text-indent:=\"\" 0px;=\"\" text-transform:=\"\" none;=\"\" widows:=\"\" word-spacing:=\"\" -webkit-text-stroke-width:=\"\" white-space:=\"\" background-color:=\"\" rgb(255,=\"\" 255,=\"\" 255);=\"\" text-decoration-thickness:=\"\" initial;=\"\" text-decoration-style:=\"\" text-decoration-color:=\"\" initial;\"=\"\"></span></div><div>Pembelajaran<span source=\"\" sans=\"\" pro\",=\"\" -apple-system,=\"\" blinkmacsystemfont,=\"\" \"segoe=\"\" ui\",=\"\" roboto,=\"\" \"helvetica=\"\" neue\",=\"\" arial,=\"\" sans-serif,=\"\" \"apple=\"\" color=\"\" emoji\",=\"\" ui=\"\" symbol\";=\"\" font-size:=\"\" 16px;=\"\" font-style:=\"\" normal;=\"\" font-variant-ligatures:=\"\" font-variant-caps:=\"\" font-weight:=\"\" 700;=\"\" letter-spacing:=\"\" orphans:=\"\" 2;=\"\" text-align:=\"\" left;=\"\" text-indent:=\"\" 0px;=\"\" text-transform:=\"\" none;=\"\" widows:=\"\" word-spacing:=\"\" -webkit-text-stroke-width:=\"\" white-space:=\"\" background-color:=\"\" rgb(255,=\"\" 255,=\"\" 255);=\"\" text-decoration-thickness:=\"\" initial;=\"\" text-decoration-style:=\"\" text-decoration-color:=\"\" display:=\"\" inline=\"\" !important;=\"\" float:=\"\" none;\"=\"\">Pembelajaran </span><span class=\"fas fa-info-circle text-success\" data-toggle=\"tooltip\" title=\"Silakan Isi Dan Jabarkan Pembelajaran Apa Yang Bisa Didapatkan Selama Proses Pelaksanaan Kegiatan. Bisa Diambil Dari Hasil Evaluasi Internal Tim Dan Form Frm Yang Diisi Partisipan. Silakan Fokus Pada Rekomendasi Pembelajarannya.\" font=\"\" awesome=\"\" 5=\"\" free\";=\"\" font-weight:=\"\" 900;=\"\" color:=\"\" rgb(40,=\"\" 167,=\"\" 69)=\"\" !important;=\"\" font-size:=\"\" 16px;=\"\" letter-spacing:=\"\" normal;=\"\" orphans:=\"\" 2;=\"\" text-align:=\"\" left;=\"\" text-indent:=\"\" 0px;=\"\" text-transform:=\"\" none;=\"\" widows:=\"\" word-spacing:=\"\" -webkit-text-stroke-width:=\"\" white-space:=\"\" background-color:=\"\" rgb(255,=\"\" 255,=\"\" 255);=\"\" text-decoration-thickness:=\"\" initial;=\"\" text-decoration-style:=\"\" text-decoration-color:=\"\" initial;\"=\"\"></span></div><div><br></div><p>Pembelajaran<span style=\"color: rgb(33, 37, 41); font-family: \" source=\"\" sans=\"\" pro\",=\"\" -apple-system,=\"\" blinkmacsystemfont,=\"\" \"segoe=\"\" ui\",=\"\" roboto,=\"\" \"helvetica=\"\" neue\",=\"\" arial,=\"\" sans-serif,=\"\" \"apple=\"\" color=\"\" emoji\",=\"\" ui=\"\" symbol\";=\"\" font-size:=\"\" 16px;=\"\" font-style:=\"\" normal;=\"\" font-variant-ligatures:=\"\" font-variant-caps:=\"\" font-weight:=\"\" 700;=\"\" letter-spacing:=\"\" orphans:=\"\" 2;=\"\" text-align:=\"\" left;=\"\" text-indent:=\"\" 0px;=\"\" text-transform:=\"\" none;=\"\" widows:=\"\" word-spacing:=\"\" -webkit-text-stroke-width:=\"\" white-space:=\"\" background-color:=\"\" rgb(255,=\"\" 255,=\"\" 255);=\"\" text-decoration-thickness:=\"\" initial;=\"\" text-decoration-style:=\"\" text-decoration-color:=\"\" display:=\"\" inline=\"\" !important;=\"\" float:=\"\" none;\"=\"\">Pembelajaran<span> </span></span><i class=\"fas fa-info-circle text-success\" data-toggle=\"tooltip\" title=\"Silakan Isi Dan Jabarkan Pembelajaran Apa Yang Bisa Didapatkan Selama Proses Pelaksanaan Kegiatan. Bisa Diambil Dari Hasil Evaluasi Internal Tim Dan Form Frm Yang Diisi Partisipan. Silakan Fokus Pada Rekomendasi Pembelajarannya.\" style=\"box-sizing: border-box; -webkit-font-smoothing: antialiased; display: inline-block; font-style: normal; font-variant: normal; text-rendering: auto; line-height: 1; font-family: \" font=\"\" awesome=\"\" 5=\"\" free\";=\"\" font-weight:=\"\" 900;=\"\" color:=\"\" rgb(40,=\"\" 167,=\"\" 69)=\"\" !important;=\"\" font-size:=\"\" 16px;=\"\" letter-spacing:=\"\" normal;=\"\" orphans:=\"\" 2;=\"\" text-align:=\"\" left;=\"\" text-indent:=\"\" 0px;=\"\" text-transform:=\"\" none;=\"\" widows:=\"\" word-spacing:=\"\" -webkit-text-stroke-width:=\"\" white-space:=\"\" background-color:=\"\" rgb(255,=\"\" 255,=\"\" 255);=\"\" text-decoration-thickness:=\"\" initial;=\"\" text-decoration-style:=\"\" text-decoration-color:=\"\" initial;\"=\"\"></i><br></p>','2025-04-13 18:36:39','2025-12-23 00:23:26'),(2,9,'<p>\r\n\r\n\r\n\r\n\r\n\r\n\r\n\r\n</p><p class=\"p1\"><b>Lorem ipsum dolor sit amet, consectetur adipiscing elit. Sed do eiusmod tempor incididunt ut labore et dolore magna aliqua. Ut enim ad minim veniam, quis nostrud exercitation ullamco laboris nisi ut aliquip ex ea commodo consequat. Duis aute irure dolor in reprehenderit in voluptate velit esse cillum dolore eu fugiat nulla pariatur. Excepteur sint occaecat cupidatat non proident, sunt in culpa qui officia deserunt mollit anim id est laborum.</b></p>','<p>\r\n\r\n\r\n\r\n\r\n\r\n\r\n\r\n</p><p class=\"p1\"><b>Lorem ipsum dolor sit amet, consectetur adipiscing elit. Sed do eiusmod tempor incididunt ut labore et dolore magna aliqua. Ut enim ad minim veniam, quis nostrud exercitation ullamco laboris nisi ut aliquip ex ea commodo consequat. Duis aute irure dolor in reprehenderit in voluptate velit esse cillum dolore eu fugiat nulla pariatur. Excepteur sint occaecat cupidatat non proident, sunt in culpa qui officia deserunt mollit anim id est laborum.</b></p>',1,'<p>\r\n\r\n\r\n\r\n\r\n\r\n\r\n\r\n</p><p class=\"p1\"><b>Lorem ipsum dolor sit amet, consectetur adipiscing elit. Sed do eiusmod tempor incididunt ut labore et dolore magna aliqua. Ut enim ad minim veniam, quis nostrud exercitation ullamco laboris nisi ut aliquip ex ea commodo consequat. Duis aute irure dolor in reprehenderit in voluptate velit esse cillum dolore eu fugiat nulla pariatur. Excepteur sint occaecat cupidatat non proident, sunt in culpa qui officia deserunt mollit anim id est laborum.</b></p>','<p>\r\n\r\n\r\n\r\n\r\n\r\n\r\n\r\n</p><p class=\"p1\"><b>Lorem ipsum dolor sit amet, consectetur adipiscing elit. Sed do eiusmod tempor incididunt ut labore et dolore magna aliqua. Ut enim ad minim veniam, quis nostrud exercitation ullamco laboris nisi ut aliquip ex ea commodo consequat. Duis aute irure dolor in reprehenderit in voluptate velit esse cillum dolore eu fugiat nulla pariatur. Excepteur sint occaecat cupidatat non proident, sunt in culpa qui officia deserunt mollit anim id est laborum.</b></p>','<p>\r\n\r\n\r\n\r\n\r\n\r\n\r\n\r\n</p><p class=\"p1\"><b>Lorem ipsum dolor sit amet, consectetur adipiscing elit. Sed do eiusmod tempor incididunt ut labore et dolore magna aliqua. Ut enim ad minim veniam, quis nostrud exercitation ullamco laboris nisi ut aliquip ex ea commodo consequat. Duis aute irure dolor in reprehenderit in voluptate velit esse cillum dolore eu fugiat nulla pariatur. Excepteur sint occaecat cupidatat non proident, sunt in culpa qui officia deserunt mollit anim id est laborum.</b></p>','<p>\r\n\r\n\r\n\r\n\r\n\r\n\r\n\r\n</p><p class=\"p1\"><b>Lorem ipsum dolor sit amet, consectetur adipiscing elit. Sed do eiusmod tempor incididunt ut labore et dolore magna aliqua. Ut enim ad minim veniam, quis nostrud exercitation ullamco laboris nisi ut aliquip ex ea commodo consequat. Duis aute irure dolor in reprehenderit in voluptate velit esse cillum dolore eu fugiat nulla pariatur. Excepteur sint occaecat cupidatat non proident, sunt in culpa qui officia deserunt mollit anim id est laborum.</b></p>','2025-06-19 23:34:06','2025-06-19 23:34:06'),(3,10,NULL,NULL,0,NULL,NULL,NULL,NULL,'2025-06-20 00:01:33','2025-06-20 00:01:33'),(4,13,'<p>Lorem ipsum dolor sit amet, consectetur adipiscing elit. Sed do eiusmod tempor incididunt ut labore et dolore magna aliqua. Ut enim ad minim veniam, quis nostrud exercitation ullamco laboris nisi ut aliquip ex ea commodo consequat. Duis aute irure dolor in reprehenderit in voluptate velit esse cillum dolore eu fugiat nulla pariatur. Excepteur sint occaecat cupidatat non proident, sunt in culpa qui officia deserunt mollit anim id est laborum.</p>','<p>Lorem ipsum dolor sit amet, consectetur adipiscing elit. Sed do eiusmod tempor incididunt ut labore et dolore magna aliqua. Ut enim ad minim veniam, quis nostrud exercitation ullamco laboris nisi ut aliquip ex ea commodo consequat. Duis aute irure dolor in reprehenderit in voluptate velit esse cillum dolore eu fugiat nulla pariatur. Excepteur sint occaecat cupidatat non proident, sunt in culpa qui officia deserunt mollit anim id est laborum.</p>',1,'<p>Lorem ipsum dolor sit amet, consectetur adipiscing elit. Sed do eiusmod tempor incididunt ut labore et dolore magna aliqua. Ut enim ad minim veniam, quis nostrud exercitation ullamco laboris nisi ut aliquip ex ea commodo consequat. Duis aute irure dolor in reprehenderit in voluptate velit esse cillum dolore eu fugiat nulla pariatur. Excepteur sint occaecat cupidatat non proident, sunt in culpa qui officia deserunt mollit anim id est laborum.</p>','<p>Lorem ipsum dolor sit amet, consectetur adipiscing elit. Sed do eiusmod tempor incididunt ut labore et dolore magna aliqua. Ut enim ad minim veniam, quis nostrud exercitation ullamco laboris nisi ut aliquip ex ea commodo consequat. Duis aute irure dolor in reprehenderit in voluptate velit esse cillum dolore eu fugiat nulla pariatur. Excepteur sint occaecat cupidatat non proident, sunt in culpa qui officia deserunt mollit anim id est laborum.</p>','<p>Lorem ipsum dolor sit amet, consectetur adipiscing elit. Sed do eiusmod tempor incididunt ut labore et dolore magna aliqua. Ut enim ad minim veniam, quis nostrud exercitation ullamco laboris nisi ut aliquip ex ea commodo consequat. Duis aute irure dolor in reprehenderit in voluptate velit esse cillum dolore eu fugiat nulla pariatur. Excepteur sint occaecat cupidatat non proident, sunt in culpa qui officia deserunt mollit anim id est laborum.</p>','<p>Lorem ipsum dolor sit amet, consectetur adipiscing elit. Sed do eiusmod tempor incididunt ut labore et dolore magna aliqua. Ut enim ad minim veniam, quis nostrud exercitation ullamco laboris nisi ut aliquip ex ea commodo consequat. Duis aute irure dolor in reprehenderit in voluptate velit esse cillum dolore eu fugiat nulla pariatur. Excepteur sint occaecat cupidatat non proident, sunt in culpa qui officia deserunt mollit anim id est laborum.</p>','2025-06-20 18:21:30','2025-06-20 18:21:30'),(5,14,'<p>lorem</p>','<p>lorem</p>',0,'<p>lorem</p>','<p>lorem</p>','<p>lorem</p>','<p>lorem</p>','2025-06-30 20:10:34','2025-06-30 20:10:34'),(6,19,'<p>Supaya index caption pas, caption juga harus dipisahkan (dokumen vs media), lalu di-merge sesuai urutan yang sama.</p>','<li data-start=\"690\" data-end=\"797\"><p data-start=\"692\" data-end=\"797\">Kamu pakai <code data-start=\"703\" data-end=\"725\">new Date().getTime()</code> dua kali (di <code data-start=\"739\" data-end=\"758\">filebatchselected</code> dan <code data-start=\"763\" data-end=\"775\">fileloaded</code>) → bisa beda nilai.</p>\r\n</li><p>\r\n</p><li data-start=\"798\" data-end=\"970\">\r\n<p data-start=\"800\" data-end=\"970\"></p></li>',1,'<li data-start=\"440\" data-end=\"534\"><p data-start=\"442\" data-end=\"534\">Kamu membangun <code data-start=\"457\" data-end=\"469\">$filePaths</code> dan <code data-start=\"474\" data-end=\"488\">$collections</code> dalam urutan: <strong data-start=\"503\" data-end=\"531\">dokumen dulu, baru media</strong>.</p>\r\n</li><p>\r\n</p><li data-start=\"535\" data-end=\"657\">\r\n<p data-start=\"537\" data-end=\"657\"></p></li>','<p>\r\n<h2 data-start=\"101\" data-end=\"132\"></h2></p><p data-start=\"0\" data-end=\"99\">Pendeknya: ya, ada beberapa hal yang bikin <strong data-start=\"43\" data-end=\"70\">caption tidak konsisten</strong> antara front-end ↔ back-end.</p>','<li data-start=\"1051\" data-end=\"1111\"><p data-start=\"1053\" data-end=\"1111\">Untuk <strong data-start=\"1059\" data-end=\"1070\">dokumen</strong>: gunakan <code data-start=\"1080\" data-end=\"1109\">name=\"dokumen_keterangan[]\"</code></p>\r\n</li><p>\r\n</p><li data-start=\"1112\" data-end=\"1166\">\r\n<p data-start=\"1114\" data-end=\"1166\"></p></li>','<p data-start=\"1168\" data-end=\"1206\">Contoh ubahan di <code data-start=\"1185\" data-end=\"1205\">_uploads.blade.php</code>:</p><p>\r\n</p><pre class=\"overflow-visible!\" data-start=\"1208\" data-end=\"3034\"><div class=\"contain-inline-size rounded-2xl relative bg-token-sidebar-surface-primary\"><div class=\"sticky top-9\"><div class=\"absolute end-0 bottom-0 flex h-9 items-center pe-2\"><div class=\"bg-token-bg-elevated-secondary text-token-text-secondary flex items-center gap-4 rounded-sm px-2 font-sans text-xs\"></div></div></div><div class=\"overflow-y-auto p-4\" dir=\"ltr\"></div></div></pre>','2025-11-06 02:16:38','2025-11-06 02:16:38');

/*Data for the table `trkegiatankampanye` */

insert  into `trkegiatankampanye`(`id`,`kegiatan_id`,`kampanyeyangdikampanyekan`,`kampanyejenis`,`kampanyebentukkegiatan`,`kampanyeyangterlibat`,`kampanyeyangdisasar`,`kampanyejangkauan`,`kampanyerencana`,`kampanyekendala`,`kampanyeisu`,`kampanyepembelajaran`,`created_at`,`updated_at`) values (1,7,'<p>Kampanye air</p>','<p>Memasang poster di kantor kementerian</p>','<p>Menteri LH</p>','<p>Staff kementerian</p>','<p>100 Orang</p>','<p>Lanjut ke kementerian lainnya</p>','<p>Kendala/Tantangan Dan Solusi Yang Diterapkan </p><p>Kendala/Tantangan Dan Solusi Yang Diterapkan </p><p>Kendala/Tantangan Dan Solusi Yang Diterapkan </p><p>Kendala/Tantangan Dan Solusi Yang Diterapkan </p><p>Kendala/Tantangan Dan Solusi Yang Diterapkan </p><p>Kendala/Tantangan Dan Solusi Yang Diterapkan </p><p>Kendala/Tantangan Dan Solusi Yang Diterapkan </p><p><br></p>','<p>Isu Yang Perlu Dipehatikan Dan Rekomendasinya </p><p>Isu Yang Perlu Dipehatikan Dan Rekomendasinya </p><p>Isu Yang Perlu Dipehatikan Dan Rekomendasinya </p><p>Isu Yang Perlu Dipehatikan Dan Rekomendasinya </p><p><br></p>','<p>Bawa posternya lebih banyak</p>','<p>Dukungan publik</p>','2025-06-19 13:34:07','2025-12-27 16:58:19');

/*Data for the table `trkegiatankonsultasi` */

insert  into `trkegiatankonsultasi`(`id`,`kegiatan_id`,`konsultasilembaga`,`konsultasikomponen`,`konsultasiyangdilakukan`,`konsultasihasil`,`konsultasipotensipendapatan`,`konsultasirencana`,`konsultasikendala`,`konsultasiisu`,`konsultasipembelajaran`,`created_at`,`updated_at`) values (3,5,'<p>Ketiga program ini menjadi manifestasi nyata dari visi Diktisaintek Berdampak, yaitu pendidikan tinggi harus hadir sebagai solusi bagi rakyat. Kemdiktisaintek berkomitmen mengawal riset dan pengabdian agar menjadi lokomotif perubahan sosial, ekonomi, dan ekosistem inovasi nasional.</p><p><br></p>','<p>Sebagaimana Menteri Brian mengajak, “Mari kita manfaatkan program-program penelitian dan pengabdian kepada masyarakat ini sebagai arah kebijakan yang memperkuat kontribusi ilmu pengetahuan dan teknologi bagi kemajuan bangsa.”</p><p><br></p>','<p>Sementara itu, semangat kolaborasi dan pemberdayaan juga digaungkan melalui Program Mahasiswa Berdampak yang secara khusus menggerakkan potensi kepemimpinan dan empati sosial mahasiswa sebagai aktor pengubah di tengah masyarakat. Program Mahasiswa Berdampak: Pemberdayaan Masyarakat oleh BEM merupakan terobosan Kemdiktisaintek yang memperkuat posisi mahasiswa sebagai pelaku utama pembangunan sosial. Melalui kepemimpinan kolektif Badan Eksekutif Mahasiswa (BEM), program ini memberikan ruang strategis bagi generasi muda untuk berkontribusi langsung pada pemecahan persoalan-persoalan riil di masyarakat.</p><p><br></p>','<p>Kosabangsa 2025 akan menargetkan daerah tertinggal, wilayah rawan bencana, dan kawasan kemiskinan ekstrem. Fokus intervensi mencakup pengembangan ekonomi lokal, sistem pertanian berkelanjutan, kesehatan masyarakat berbasis komunitas, pendidikan adaptif, hingga pemanfaatan teknologi tepat guna. Lebih dari sekadar program pengabdian, Kosabangsa adalah medium rekayasa sosial berbasis iptek untuk memperkuat ketahanan masyarakat akar rumput dan mendorong transformasi sosial dari bawah. Mahasiswa, dosen, dan masyarakat menjadi bagian dari ekosistem perubahan yang saling belajar, tumbuh, dan mandiri bersama.</p><p><br></p>','<p>“Kita tidak hanya ingin menghasilkan penelitian dan aktivitas pengabdian. Kita ingin melihat perubahan di desa, transformasi di sektor strategis, kemandirian komunitas, akses teknologi yang terbuka, dan produk riset yang bisa dikomersialisasi serta memberi nilai tambah bagi masyarakat,” ungkap Dirjen Fauzan.</p><p><br></p>','<p>Mendiktisaintek menegaskan bahwa tridarma perguruan tinggi tidak hanya menjadi wujud dari komitmen akademik, tetapi juga sebagai motor penggerak perubahan, perbaikan, dan kemajuan peradaban bangsa Indonesia.</p><p><br></p>','<p>Dalam sambutannya, Menteri Pendidikan Tinggi, Sains, dan Teknologi (Mendiktisaintek), Brian Yuliarto, menyatakan bahwa program-program ini menjadi instrumen strategis untuk mengarahkan riset dan pengabdian agar semakin relevan dan berdampak terhadap kebutuhan bangsa.</p><p><br></p>','<p>Ketiga program tersebut adalah Program Mahasiswa Berdampak: Pemberdayaan Masyarakat oleh BEM, Program Peningkatan Ekosistem Riset dan Inovasi PUI-PT, serta Call for Proposal Program Kosabangsa Tahun 2025. Acara peluncuran ini diselenggarakan secara daring melalui kanal YouTube Kemdiktisaintek pada Rabu (14/5).</p><p><br></p>','<p>Program yang berdampak pada murid yaitu rancangan atau perencanaan satu unit atau kesatuan kegiatan yang berkesinambungan dalam proses pembelajaran, yang memiliki tujuan, dan melibatkan sekelompok orang (guru dan murid) untuk mencapai tujuan yang telah ditetapkan, sehingga memberikan pengalaman bermakna bagai murid dan memberikan bekal untuk mereka menjadi pembelajar sepanjang hayat.</p><p><br></p>','2025-05-23 16:38:06','2025-05-23 16:38:06');

/*Data for the table `trkegiatankunjungan` */

/*Data for the table `trkegiatanlainnya` */

/*Data for the table `trkegiatanmonitoring` */

insert  into `trkegiatanmonitoring`(`id`,`kegiatan_id`,`monitoringyangdipantau`,`monitoringdata`,`monitoringyangterlibat`,`monitoringmetode`,`monitoringhasil`,`monitoringkegiatanselanjutnya`,`monitoringkegiatanselanjutnya_ket`,`monitoringkendala`,`monitoringisu`,`monitoringpembelajaran`,`created_at`,`updated_at`) values (1,6,'<p>Apa Yang Hendak Dipantau Dan Dievaluasi Dari Kegiatan Ini? Apa Yang Hendak Dipantau Dan Dievaluasi Dari Kegiatan Ini? Apa Yang Hendak Dipantau Dan Dievaluasi Dari Kegiatan Ini? Apa Yang Hendak Dipantau Dan Dievaluasi Dari Kegiatan Ini? Apa Yang Hendak Dipantau Dan Dievaluasi Dari Kegiatan Ini? Apa Yang Hendak Dipantau Dan Dievaluasi Dari Kegiatan Ini? Apa Yang Hendak Dipantau Dan Dievaluasi Dari Kegiatan Ini? Apa Yang Hendak Dipantau Dan Dievaluasi Dari Kegiatan Ini? Apa Yang Hendak Dipantau Dan Dievaluasi Dari Kegiatan Ini? Apa Yang Hendak Dipantau Dan Dievaluasi Dari Kegiatan Ini? Apa Yang Hendak Dipantau Dan Dievaluasi Dari Kegiatan Ini? Apa Yang Hendak Dipantau Dan Dievaluasi Dari Kegiatan Ini? Apa Yang Hendak Dipantau Dan Dievaluasi Dari Kegiatan Ini? </p>','<p>Jenis Data Yang Didapatkan Jenis Data Yang Didapatkan Jenis Data Yang Didapatkan Jenis Data Yang Didapatkan Jenis Data Yang Didapatkan </p><p><span style=\"font-weight: 700;\">Jenis Data Yang Didapatkan </span><span class=\"fas fa-info-circle text-success\" data-toggle=\"tooltip\" title=\"Jabarkan Apa Saja Jenis Data Yang Hendak Didapatkan Dari Kegiatan Monitoring Dan Evaluasi Ini\"></span></p>','<p><span style=\"font-weight: 700;\">Siapa Yang Terlibat Dalam Kegiatan Ini? </span><span class=\"fas fa-info-circle text-success\" data-toggle=\"tooltip\" title=\"Jabarkan Siapa Saja Yang Terlibat Dalam Kegiatan Monitoring Dan Evaluasi Ini, Darimana Asal Lembaganya, Serta Apa Peran Dan Fungsinya\"></span></p>','<p><span style=\"font-weight: 700;\">Metode Apa Yang Digunakan Dalam Kegiatan Ini? </span><span class=\"fas fa-info-circle text-success\" data-toggle=\"tooltip\" title=\"Jelaskan Metode Yang Digunakan Dalam Kegiatan Ini (Contoh: Pengisian Form Monitoring/Fgd/Survey/Dll)\"></span></p>','<p><span style=\"font-weight: 700;\">Apa Hasil Yang Diperoleh Dari Kegiatan Pemantauan Dan Evaluasi Ini? </span><span class=\"fas fa-info-circle text-success\" data-toggle=\"tooltip\" title=\"Jelaskan Hasil/Kesimpulan Yang Didapat Dari Kegiatan Monitoring Dan Evaluasi Ini\"></span></p>',0,'<p><span style=\"font-weight: 700;\">Apakah Masih Akan Ada Kegiatan Monitoring Dan Evaluasi Selanjutnya? </span><span class=\"fas fa-info-circle text-success\" data-toggle=\"tooltip\" title=\"\"></span></p>','<p>Kendala/Tantangan Dan Solusi Yang Diterapkan </p><div><br></div>','<p>Isu Yang Perlu Dipehatikan Dan Rekomendasinya </p>','<p><span style=\"font-weight: 700;\">Pembelajaran </span></p>','2025-06-19 13:08:01','2025-11-06 00:55:56');

/*Data for the table `trkegiatanpelatihan` */

insert  into `trkegiatanpelatihan`(`id`,`kegiatan_id`,`pelatihanpelatih`,`pelatihanhasil`,`pelatihandistribusi`,`pelatihandistribusi_ket`,`pelatihanrencana`,`pelatihanunggahan`,`pelatihankendala`,`pelatihanisu`,`pelatihanpembelajaran`,`created_at`,`updated_at`) values (1,12,'<p>Using both qualitative and quantitative study methods, the assessment focused on collecting data related to biodiversity, soil health, water conservation, carbon sequestration, and climate change mitigation and adaptation. It identifies areas for improvement in the agricultural systems and proposes strategies to enhance sustainability, environmental management, and community livelihoods based on the existing potential in each location.</p>\r\n\r\n<p><br></p>','<p>Using both qualitative and quantitative study methods, the assessment focused on collecting data related to biodiversity, soil health, water conservation, carbon sequestration, and climate change mitigation and adaptation. It identifies areas for improvement in the agricultural systems and proposes strategies to enhance sustainability, environmental management, and community livelihoods based on the existing potential in each location.</p>\r\n\r\n<p><br></p>',1,'<p>Using both qualitative and quantitative study methods, the assessment focused on collecting data related to biodiversity, soil health, water conservation, carbon sequestration, and climate change mitigation and adaptation. It identifies areas for improvement in the agricultural systems and proposes strategies to enhance sustainability, environmental management, and community livelihoods based on the existing potential in each location.</p>\r\n\r\n<p><br></p>','<p>Using both qualitative and quantitative study methods, the assessment focused on collecting data related to biodiversity, soil health, water conservation, carbon sequestration, and climate change mitigation and adaptation. It identifies areas for improvement in the agricultural systems and proposes strategies to enhance sustainability, environmental management, and community livelihoods based on the existing potential in each location.</p>\r\n\r\n<p><br></p>\r\n\r\n<p>Using both qualitative and quantitative study methods, the assessment focused on collecting data related to biodiversity, soil health, water conservation, carbon sequestration, and climate change mitigation and adaptation. It identifies areas for improvement in the agricultural systems and proposes strategies to enhance sustainability, environmental management, and community livelihoods based on the existing potential in each location.</p>\r\n\r\n<p><br></p>',1,'tujuan pelaksanaan magang, serta manfaat yang diperoleh. Beberapa hal yang perlu dicantumkan dalam latar belakang laporan magang adalah','<p><span id=\"docs-internal-guid-020d34d9-7fff-1dfc-2303-97bcb334b230\"></span></p><div dir=\"ltr\" style=\"margin-left:0pt;\" align=\"left\"><table style=\"border:none;border-collapse:collapse;\"><colgroup><col width=\"40\"><col width=\"326\"><col width=\"326\"></colgroup><tbody><tr style=\"height:0pt\"><td style=\"border-left:solid #000000 1pt;border-right:solid #000000 1pt;border-bottom:solid #000000 1pt;border-top:solid #000000 1pt;vertical-align:top;background-color:#385623;padding:5pt 5pt 5pt 5pt;overflow:hidden;overflow-wrap:break-word;\"><p dir=\"ltr\" style=\"line-height:1.2;text-align: center;margin-top:0pt;margin-bottom:0pt;\"><span style=\"font-size:10pt;font-family:Tahoma,sans-serif;color:#ffffff;background-color:transparent;font-weight:700;font-style:normal;font-variant:normal;text-decoration:none;vertical-align:baseline;white-space:pre;white-space:pre-wrap;\">No.</span></p></td><td style=\"border-left:solid #000000 1pt;border-right:solid #000000 1pt;border-bottom:solid #000000 1pt;border-top:solid #000000 1pt;vertical-align:top;background-color:#385623;padding:5pt 5pt 5pt 5pt;overflow:hidden;overflow-wrap:break-word;\"><p dir=\"ltr\" style=\"line-height:1.2;text-align: center;margin-top:0pt;margin-bottom:0pt;\"><span style=\"font-size:10pt;font-family:Tahoma,sans-serif;color:#ffffff;background-color:transparent;font-weight:700;font-style:normal;font-variant:normal;text-decoration:none;vertical-align:baseline;white-space:pre;white-space:pre-wrap;\">Tantangan</span></p></td><td style=\"border-left:solid #000000 1pt;border-right:solid #000000 1pt;border-bottom:solid #000000 1pt;border-top:solid #000000 1pt;vertical-align:top;background-color:#385623;padding:5pt 5pt 5pt 5pt;overflow:hidden;overflow-wrap:break-word;\"><p dir=\"ltr\" style=\"line-height:1.2;text-align: center;margin-top:0pt;margin-bottom:0pt;\"><span style=\"font-size:10pt;font-family:Tahoma,sans-serif;color:#ffffff;background-color:transparent;font-weight:700;font-style:normal;font-variant:normal;text-decoration:none;vertical-align:baseline;white-space:pre;white-space:pre-wrap;\">Solusi yang diambil tim</span></p></td></tr><tr style=\"height:21.8203125pt\"><td style=\"border-left:solid #000000 1pt;border-right:solid #000000 1pt;border-bottom:solid #000000 1pt;border-top:solid #000000 1pt;vertical-align:top;padding:5pt 5pt 5pt 5pt;overflow:hidden;overflow-wrap:break-word;\"><p dir=\"ltr\" style=\"line-height:1.2;margin-top:0pt;margin-bottom:0pt;\"><span style=\"font-size:10pt;font-family:Tahoma,sans-serif;color:#000000;background-color:transparent;font-weight:400;font-style:normal;font-variant:normal;text-decoration:none;vertical-align:baseline;white-space:pre;white-space:pre-wrap;\">1</span></p></td><td style=\"border-left:solid #000000 1pt;border-right:solid #000000 1pt;border-bottom:solid #000000 1pt;border-top:solid #000000 1pt;vertical-align:top;padding:5pt 5pt 5pt 5pt;overflow:hidden;overflow-wrap:break-word;\"><p dir=\"ltr\" style=\"line-height:1.2;margin-top:0pt;margin-bottom:0pt;\"><span style=\"font-size:10pt;font-family:Tahoma,sans-serif;color:#000000;background-color:transparent;font-weight:400;font-style:normal;font-variant:normal;text-decoration:none;vertical-align:baseline;white-space:pre;white-space:pre-wrap;\">Anak-anak SDN 2 Banyubiru yang mengikuti sesi di hari pertama cepat merasa bosan karena penjelasan yang terlalu berat.</span></p></td><td style=\"border-left:solid #000000 1pt;border-right:solid #000000 1pt;border-bottom:solid #000000 1pt;border-top:solid #000000 1pt;vertical-align:top;padding:5pt 5pt 5pt 5pt;overflow:hidden;overflow-wrap:break-word;\"><p dir=\"ltr\" style=\"line-height:1.2;margin-top:0pt;margin-bottom:0pt;\"><span style=\"font-size:10pt;font-family:Tahoma,sans-serif;color:#000000;background-color:transparent;font-weight:400;font-style:normal;font-variant:normal;text-decoration:none;vertical-align:baseline;white-space:pre;white-space:pre-wrap;\">Di hari berikutnya sesi dibuat lebih interaktif dan lebih banyak melibatkan anak-anak. Pembuatan peta juga dilakukan secara berkelompok dengan campuran guru dan murid</span></p></td></tr><tr style=\"height:0pt\"><td style=\"border-left:solid #000000 1pt;border-right:solid #000000 1pt;border-bottom:solid #000000 1pt;border-top:solid #000000 1pt;vertical-align:top;padding:5pt 5pt 5pt 5pt;overflow:hidden;overflow-wrap:break-word;\"><p dir=\"ltr\" style=\"line-height:1.2;margin-top:0pt;margin-bottom:0pt;\"><span style=\"font-size:10pt;font-family:Tahoma,sans-serif;color:#000000;background-color:transparent;font-weight:400;font-style:normal;font-variant:normal;text-decoration:none;vertical-align:baseline;white-space:pre;white-space:pre-wrap;\">2</span></p></td><td style=\"border-left:solid #000000 1pt;border-right:solid #000000 1pt;border-bottom:solid #000000 1pt;border-top:solid #000000 1pt;vertical-align:top;padding:5pt 5pt 5pt 5pt;overflow:hidden;overflow-wrap:break-word;\"><p dir=\"ltr\" style=\"line-height:1.2;margin-top:0pt;margin-bottom:0pt;\"><span style=\"font-size:10pt;font-family:Tahoma,sans-serif;color:#000000;background-color:transparent;font-weight:400;font-style:normal;font-variant:normal;text-decoration:none;vertical-align:baseline;white-space:pre;white-space:pre-wrap;\">Beberapa narasumber tidak menggunakan waktu dengan maksimal, karena kurangnya interaksi dengan audience.</span></p></td><td style=\"border-left:solid #000000 1pt;border-right:solid #000000 1pt;border-bottom:solid #000000 1pt;border-top:solid #000000 1pt;vertical-align:top;padding:5pt 5pt 5pt 5pt;overflow:hidden;overflow-wrap:break-word;\"><p dir=\"ltr\" style=\"line-height:1.2;margin-top:0pt;margin-bottom:0pt;\"><span style=\"font-size:10pt;font-family:Tahoma,sans-serif;color:#000000;background-color:transparent;font-weight:400;font-style:normal;font-variant:normal;text-decoration:none;vertical-align:baseline;white-space:pre;white-space:pre-wrap;\">MC merangkap sebagai time keeper sehingga waktu pelaksanaan dapat dimanfaatkan dengan maksimal, selain itu pada hari berikutnya guru-guru banyak dilibatkan dalam diskusi dan pengambilan keputusan sehingga waktu yang tersedia dapat digunakan dengan maksimal.</span></p></td></tr><tr style=\"height:0pt\"><td style=\"border-left:solid #000000 1pt;border-right:solid #000000 1pt;border-bottom:solid #000000 1pt;border-top:solid #000000 1pt;vertical-align:top;padding:5pt 5pt 5pt 5pt;overflow:hidden;overflow-wrap:break-word;\"><p dir=\"ltr\" style=\"line-height:1.2;margin-top:0pt;margin-bottom:0pt;\"><span style=\"font-size:10pt;font-family:Tahoma,sans-serif;color:#000000;background-color:transparent;font-weight:400;font-style:normal;font-variant:normal;text-decoration:none;vertical-align:baseline;white-space:pre;white-space:pre-wrap;\">3</span></p></td><td style=\"border-left:solid #000000 1pt;border-right:solid #000000 1pt;border-bottom:solid #000000 1pt;border-top:solid #000000 1pt;vertical-align:top;padding:5pt 5pt 5pt 5pt;overflow:hidden;overflow-wrap:break-word;\"><p dir=\"ltr\" style=\"line-height:1.3800000000000001;text-align: justify;margin-top:0pt;margin-bottom:0pt;\"><span style=\"font-size:10pt;font-family:Tahoma,sans-serif;color:#000000;background-color:transparent;font-weight:400;font-style:normal;font-variant:normal;text-decoration:none;vertical-align:baseline;white-space:pre;white-space:pre-wrap;\">Pihak sekolah meminta dibuatkan sertifikat dengan judul “Diklat”.</span></p></td><td style=\"border-left:solid #000000 1pt;border-right:solid #000000 1pt;border-bottom:solid #000000 1pt;border-top:solid #000000 1pt;vertical-align:top;padding:5pt 5pt 5pt 5pt;overflow:hidden;overflow-wrap:break-word;\"><p dir=\"ltr\" style=\"line-height:1.3800000000000001;text-align: justify;margin-top:0pt;margin-bottom:0pt;\"><span style=\"font-size:10pt;font-family:Tahoma,sans-serif;color:#000000;background-color:transparent;font-weight:400;font-style:normal;font-variant:normal;text-decoration:none;vertical-align:baseline;white-space:pre;white-space:pre-wrap;\">Koordinasi dengan kepala sekolah terkait dengan judul sertifikat yang akan digunakan. Sesuai dengan arahan kepala sekolah, akan digunakan penamaan “Pelatihan” sesuai dengan judul pada undangan. Pada saat pelatihan dilakukan juga pre dan post test serta penyusunan kurikulum agar kegiatan dapat dikatakan berbentuk pelatihan dan bimbingan teknis.</span></p></td></tr><tr style=\"height:0pt\"><td style=\"border-left:solid #000000 1pt;border-right:solid #000000 1pt;border-bottom:solid #000000 1pt;border-top:solid #000000 1pt;vertical-align:top;padding:5pt 5pt 5pt 5pt;overflow:hidden;overflow-wrap:break-word;\"><p dir=\"ltr\" style=\"line-height:1.2;margin-top:0pt;margin-bottom:0pt;\"><span style=\"font-size:10pt;font-family:Tahoma,sans-serif;color:#000000;background-color:transparent;font-weight:400;font-style:normal;font-variant:normal;text-decoration:none;vertical-align:baseline;white-space:pre;white-space:pre-wrap;\">4</span></p></td><td style=\"border-left:solid #000000 1pt;border-right:solid #000000 1pt;border-bottom:solid #000000 1pt;border-top:solid #000000 1pt;vertical-align:top;padding:5pt 5pt 5pt 5pt;overflow:hidden;overflow-wrap:break-word;\"><p dir=\"ltr\" style=\"line-height:1.3800000000000001;text-align: justify;margin-top:0pt;margin-bottom:0pt;\"><span style=\"font-size:10pt;font-family:Tahoma,sans-serif;color:#000000;background-color:transparent;font-weight:400;font-style:normal;font-variant:normal;text-decoration:none;vertical-align:baseline;white-space:pre;white-space:pre-wrap;\">Adanya miskomunikasi antara lembaga yang ada di Sekretariat SPAB terkait siapa yang akan mengisi materi.</span></p></td><td style=\"border-left:solid #000000 1pt;border-right:solid #000000 1pt;border-bottom:solid #000000 1pt;border-top:solid #000000 1pt;vertical-align:top;padding:5pt 5pt 5pt 5pt;overflow:hidden;overflow-wrap:break-word;\"><p dir=\"ltr\" style=\"line-height:1.3800000000000001;text-align: justify;margin-top:0pt;margin-bottom:0pt;\"><span style=\"font-size:10pt;font-family:Tahoma,sans-serif;color:#000000;background-color:transparent;font-weight:400;font-style:normal;font-variant:normal;text-decoration:none;vertical-align:baseline;white-space:pre;white-space:pre-wrap;\">Fasilitator menghubungi secara pribadi narasumber di Sekretariat bersama SPAB, sehingga materi dapat dipaparkan tepat waktu.</span></p></td></tr><tr style=\"height:0pt\"><td style=\"border-left:solid #000000 1pt;border-right:solid #000000 1pt;border-bottom:solid #000000 1pt;border-top:solid #000000 1pt;vertical-align:top;padding:5pt 5pt 5pt 5pt;overflow:hidden;overflow-wrap:break-word;\"><p dir=\"ltr\" style=\"line-height:1.2;margin-top:0pt;margin-bottom:0pt;\"><span style=\"font-size:10pt;font-family:Tahoma,sans-serif;color:#000000;background-color:transparent;font-weight:400;font-style:normal;font-variant:normal;text-decoration:none;vertical-align:baseline;white-space:pre;white-space:pre-wrap;\">5</span></p></td><td style=\"border-left:solid #000000 1pt;border-right:solid #000000 1pt;border-bottom:solid #000000 1pt;border-top:solid #000000 1pt;vertical-align:top;padding:5pt 5pt 5pt 5pt;overflow:hidden;overflow-wrap:break-word;\"><p dir=\"ltr\" style=\"line-height:1.2;margin-top:0pt;margin-bottom:0pt;\"><span style=\"font-size:10pt;font-family:Tahoma,sans-serif;color:#000000;background-color:transparent;font-weight:400;font-style:normal;font-variant:normal;text-decoration:none;vertical-align:baseline;white-space:pre;white-space:pre-wrap;\">Pada hari ke-2, kajian risiko bencana memakan cukup banyak waktu dikarenakan peserta yang datang pada hari pertama berbeda dengan hari kedua.</span></p></td><td style=\"border-left:solid #000000 1pt;border-right:solid #000000 1pt;border-bottom:solid #000000 1pt;border-top:solid #000000 1pt;vertical-align:top;padding:5pt 5pt 5pt 5pt;overflow:hidden;overflow-wrap:break-word;\"><p dir=\"ltr\" style=\"line-height:1.2;margin-top:0pt;margin-bottom:0pt;\"><span style=\"font-size:10pt;font-family:Tahoma,sans-serif;color:#000000;background-color:transparent;font-weight:400;font-style:normal;font-variant:normal;text-decoration:none;vertical-align:baseline;white-space:pre;white-space:pre-wrap;\">Diadakan sesi review materi untuk mengulang garis besar materi yang sudah didapatkan pada hari pertama.</span></p></td></tr><tr style=\"height:0pt\"><td style=\"border-left:solid #000000 1pt;border-right:solid #000000 1pt;border-bottom:solid #000000 1pt;border-top:solid #000000 1pt;vertical-align:top;padding:5pt 5pt 5pt 5pt;overflow:hidden;overflow-wrap:break-word;\"><p dir=\"ltr\" style=\"line-height:1.2;margin-top:0pt;margin-bottom:0pt;\"><span style=\"font-size:10pt;font-family:Tahoma,sans-serif;color:#000000;background-color:transparent;font-weight:400;font-style:normal;font-variant:normal;text-decoration:none;vertical-align:baseline;white-space:pre;white-space:pre-wrap;\">6</span></p></td><td style=\"border-left:solid #000000 1pt;border-right:solid #000000 1pt;border-bottom:solid #000000 1pt;border-top:solid #000000 1pt;vertical-align:top;padding:5pt 5pt 5pt 5pt;overflow:hidden;overflow-wrap:break-word;\"><p dir=\"ltr\" style=\"line-height:1.2;margin-top:0pt;margin-bottom:0pt;\"><span style=\"font-size:10pt;font-family:Tahoma,sans-serif;color:#000000;background-color:transparent;font-weight:400;font-style:normal;font-variant:normal;text-decoration:none;vertical-align:baseline;white-space:pre;white-space:pre-wrap;\">Orang tua dari siswa yang mengikuti kegiatan (hari pertama dan kedua) belum diinformasikan oleh pihak sekolah, sehingga beberapa anak dijemput pada jam normal.</span></p></td><td style=\"border-left:solid #000000 1pt;border-right:solid #000000 1pt;border-bottom:solid #000000 1pt;border-top:solid #000000 1pt;vertical-align:top;padding:5pt 5pt 5pt 5pt;overflow:hidden;overflow-wrap:break-word;\"><p dir=\"ltr\" style=\"line-height:1.2;margin-top:0pt;margin-bottom:0pt;\"><span style=\"font-size:10pt;font-family:Tahoma,sans-serif;color:#000000;background-color:transparent;font-weight:400;font-style:normal;font-variant:normal;text-decoration:none;vertical-align:baseline;white-space:pre;white-space:pre-wrap;\">Fasilitator mempercepat materi dan penyusunan kajian risiko bencana yang melibatkan anak-anak, sehingga siswa SDN 2 Banyubiru yang terlibat dalam workshop dapat pulang lebih awal.</span></p></td></tr></tbody></table></div>','<ol><li>Adanya jadwal atau outline kegiatan yang dibagikan kepada peserta sebelum mengikuti pelatihan.</li><li>Peserta sangat antusias selama kegiatan dan diharapkan kegiatan SPAB yang telah dilaksanakan dapat menjadi program yang berkelanjutan di daerah berpotensi bencana.</li><li>Peserta yang mendapatkan materi pelatihan diharapkan dapat membagikan informasi yang telah didapatkan kepada warga sekolah lainnya.</li><li>Diharapkan sekolah-sekolah lain juga dapat menerapkan ilmu yang telah didapat selama pelatihan sehingga mampu membuat peta risiko bencana dan jalur evakuasi untuk sekolah masing-masing. </li></ol>','2025-06-20 00:51:30','2026-01-26 22:51:04'),(2,16,NULL,NULL,0,NULL,NULL,0,NULL,NULL,NULL,'2025-06-30 20:25:24','2025-06-30 20:25:24'),(3,17,NULL,NULL,0,NULL,NULL,0,NULL,NULL,NULL,'2025-08-27 12:33:42','2025-08-27 12:33:42'),(4,21,'<p>Siapa Pelatih Yang Bertugas? Siapa Pelatih Yang Bertugas? Siapa Pelatih Yang Bertugas? Siapa Pelatih Yang Bertugas? Siapa Pelatih Yang Bertugas? Siapa Pelatih Yang Bertugas? Siapa Pelatih Yang Bertugas? </p>','<p>Hasil Pelatihan Hasil Pelatihan Hasil Pelatihan Hasil Pelatihan Hasil Pelatihan Hasil Pelatihan Hasil Pelatihan </p>',1,'<p>Apakah Ada Distribusi Yang Dilakukan Bersama Dengan Pelatihan? <br>Jika Ya, Jelaskan! Jika Ya, Jelaskan! Jika Ya, Jelaskan! Jika Ya, Jelaskan! Jika Ya, Jelaskan! Jika Ya, Jelaskan! Jika Ya, Jelaskan! </p>','<p>RTL dalam pelatihan adalah langkah-langkah yang dirancang peserta untuk menerapkan ilmu dan keterampilan yang telah dipelajari setelah pelatihan selesai, agar memberikan dampak nyata di tempat kerja atau kehidupan sehari-hari.</p><div><br></div>',1,NULL,'<table class=\"MsoNormalTable\" border=\"1\" cellspacing=\"0\" cellpadding=\"0\" width=\"693\" style=\"border: none;\">\r\n <tbody><tr>\r\n  <td width=\"40\" valign=\"top\" style=\"width:30.05pt;border:solid black 1.0pt;\r\n  background:#385623;padding:5.0pt 5.0pt 5.0pt 5.0pt\">\r\n  <p class=\"MsoNormal\" align=\"center\" style=\"margin:0cm;text-align:center;\r\n  text-indent:0cm;line-height:normal;mso-pagination:none;border:none;\r\n  mso-padding-alt:31.0pt 31.0pt 31.0pt 31.0pt;mso-border-shadow:yes\"><b><span style=\"color:white\">No.<o:p></o:p></span></b></p>\r\n  </td>\r\n  <td width=\"326\" valign=\"top\" style=\"width:244.85pt;border:solid black 1.0pt;\r\n  border-left:none;mso-border-left-alt:solid black 1.0pt;background:#385623;\r\n  padding:5.0pt 5.0pt 5.0pt 5.0pt\">\r\n  <p class=\"MsoNormal\" align=\"center\" style=\"margin:0cm;text-align:center;\r\n  text-indent:0cm;line-height:normal;mso-pagination:none;border:none;\r\n  mso-padding-alt:31.0pt 31.0pt 31.0pt 31.0pt;mso-border-shadow:yes\"><b><span style=\"color:white\">Tantangan<o:p></o:p></span></b></p>\r\n  </td>\r\n  <td width=\"326\" valign=\"top\" style=\"width:244.85pt;border:solid black 1.0pt;\r\n  border-left:none;mso-border-left-alt:solid black 1.0pt;background:#385623;\r\n  padding:5.0pt 5.0pt 5.0pt 5.0pt\">\r\n  <p class=\"MsoNormal\" align=\"center\" style=\"margin:0cm;text-align:center;\r\n  text-indent:0cm;line-height:normal;mso-pagination:none;border:none;\r\n  mso-padding-alt:31.0pt 31.0pt 31.0pt 31.0pt;mso-border-shadow:yes\"><b><span style=\"color:white\">Solusi yang\r\n  diambil tim<o:p></o:p></span></b></p>\r\n  </td>\r\n </tr>\r\n <tr style=\"mso-yfti-irow:1;height:21.8pt\">\r\n  <td width=\"40\" valign=\"top\" style=\"width:30.05pt;border:solid black 1.0pt;\r\n  border-top:none;mso-border-top-alt:solid black 1.0pt;padding:5.0pt 5.0pt 5.0pt 5.0pt;\r\n  height:21.8pt\">\r\n  <p class=\"MsoNormal\" align=\"left\" style=\"margin: 0cm; text-indent: 0cm; line-height: normal; border: none;\">1<o:p></o:p></p>\r\n  </td>\r\n  <td width=\"326\" valign=\"top\" style=\"width:244.85pt;border-top:none;border-left:\r\n  none;border-bottom:solid black 1.0pt;border-right:solid black 1.0pt;\r\n  mso-border-top-alt:solid black 1.0pt;mso-border-left-alt:solid black 1.0pt;\r\n  padding:5.0pt 5.0pt 5.0pt 5.0pt;height:21.8pt\">\r\n  <p class=\"MsoNormal\" align=\"left\" style=\"margin: 0cm; text-indent: 0cm; line-height: normal; border: none;\">Anak-anak SDN 2 Banyubiru yang mengikuti sesi di hari\r\n  pertama cepat merasa bosan karena penjelasan yang terlalu berat.<o:p></o:p></p>\r\n  </td>\r\n  <td width=\"326\" valign=\"top\" style=\"width:244.85pt;border-top:none;border-left:\r\n  none;border-bottom:solid black 1.0pt;border-right:solid black 1.0pt;\r\n  mso-border-top-alt:solid black 1.0pt;mso-border-left-alt:solid black 1.0pt;\r\n  padding:5.0pt 5.0pt 5.0pt 5.0pt;height:21.8pt\">\r\n  <p class=\"MsoNormal\" align=\"left\" style=\"margin: 0cm; text-indent: 0cm; line-height: normal; border: none;\">Di hari berikutnya sesi dibuat lebih interaktif dan\r\n  lebih banyak melibatkan anak-anak. Pembuatan peta juga dilakukan secara\r\n  berkelompok dengan campuran guru dan murid<o:p></o:p></p>\r\n  </td>\r\n </tr>\r\n <tr>\r\n  <td width=\"40\" valign=\"top\" style=\"width:30.05pt;border:solid black 1.0pt;\r\n  border-top:none;mso-border-top-alt:solid black 1.0pt;padding:5.0pt 5.0pt 5.0pt 5.0pt\">\r\n  <p class=\"MsoNormal\" align=\"left\" style=\"margin: 0cm; text-indent: 0cm; line-height: normal; border: none;\">2<o:p></o:p></p>\r\n  </td>\r\n  <td width=\"326\" valign=\"top\" style=\"width:244.85pt;border-top:none;border-left:\r\n  none;border-bottom:solid black 1.0pt;border-right:solid black 1.0pt;\r\n  mso-border-top-alt:solid black 1.0pt;mso-border-left-alt:solid black 1.0pt;\r\n  padding:5.0pt 5.0pt 5.0pt 5.0pt\">\r\n  <p class=\"MsoNormal\" align=\"left\" style=\"margin: 0cm; text-indent: 0cm; line-height: normal; border: none;\">Beberapa narasumber tidak menggunakan waktu dengan\r\n  maksimal, karena kurangnya interaksi dengan audience.<o:p></o:p></p>\r\n  </td>\r\n  <td width=\"326\" valign=\"top\" style=\"width:244.85pt;border-top:none;border-left:\r\n  none;border-bottom:solid black 1.0pt;border-right:solid black 1.0pt;\r\n  mso-border-top-alt:solid black 1.0pt;mso-border-left-alt:solid black 1.0pt;\r\n  padding:5.0pt 5.0pt 5.0pt 5.0pt\">\r\n  <p class=\"MsoNormal\" align=\"left\" style=\"margin: 0cm; text-indent: 0cm; line-height: normal; border: none;\">MC merangkap sebagai time keeper sehingga waktu\r\n  pelaksanaan dapat dimanfaatkan dengan maksimal, selain itu pada hari\r\n  berikutnya guru-guru banyak dilibatkan dalam diskusi dan pengambilan\r\n  keputusan sehingga waktu yang tersedia dapat digunakan dengan maksimal.<o:p></o:p></p>\r\n  </td>\r\n </tr>\r\n <tr>\r\n  <td width=\"40\" valign=\"top\" style=\"width:30.05pt;border:solid black 1.0pt;\r\n  border-top:none;mso-border-top-alt:solid black 1.0pt;padding:5.0pt 5.0pt 5.0pt 5.0pt\">\r\n  <p class=\"MsoNormal\" align=\"left\" style=\"margin: 0cm; text-indent: 0cm; line-height: normal; border: none;\">3<o:p></o:p></p>\r\n  </td>\r\n  <td width=\"326\" valign=\"top\" style=\"width:244.85pt;border-top:none;border-left:\r\n  none;border-bottom:solid black 1.0pt;border-right:solid black 1.0pt;\r\n  mso-border-top-alt:solid black 1.0pt;mso-border-left-alt:solid black 1.0pt;\r\n  padding:5.0pt 5.0pt 5.0pt 5.0pt\">\r\n  <p class=\"MsoNormal\" style=\"margin:0cm;text-indent:0cm;line-height:115%\">Pihak\r\n  sekolah meminta dibuatkan sertifikat dengan judul “Diklat”.<o:p></o:p></p>\r\n  </td>\r\n  <td width=\"326\" valign=\"top\" style=\"width:244.85pt;border-top:none;border-left:\r\n  none;border-bottom:solid black 1.0pt;border-right:solid black 1.0pt;\r\n  mso-border-top-alt:solid black 1.0pt;mso-border-left-alt:solid black 1.0pt;\r\n  padding:5.0pt 5.0pt 5.0pt 5.0pt\">\r\n  <p class=\"MsoNormal\" style=\"margin:0cm;text-indent:0cm;line-height:115%\">Koordinasi\r\n  dengan kepala sekolah terkait dengan judul sertifikat yang akan digunakan.\r\n  Sesuai dengan arahan kepala sekolah, akan digunakan penamaan “Pelatihan”\r\n  sesuai dengan judul pada undangan. Pada saat pelatihan dilakukan juga pre dan\r\n  post test serta penyusunan kurikulum agar kegiatan dapat dikatakan berbentuk\r\n  pelatihan dan bimbingan teknis.<o:p></o:p></p>\r\n  </td>\r\n </tr>\r\n <tr>\r\n  <td width=\"40\" valign=\"top\" style=\"width:30.05pt;border:solid black 1.0pt;\r\n  border-top:none;mso-border-top-alt:solid black 1.0pt;padding:5.0pt 5.0pt 5.0pt 5.0pt\">\r\n  <p class=\"MsoNormal\" align=\"left\" style=\"margin: 0cm; text-indent: 0cm; line-height: normal; border: none;\">4<o:p></o:p></p>\r\n  </td>\r\n  <td width=\"326\" valign=\"top\" style=\"width:244.85pt;border-top:none;border-left:\r\n  none;border-bottom:solid black 1.0pt;border-right:solid black 1.0pt;\r\n  mso-border-top-alt:solid black 1.0pt;mso-border-left-alt:solid black 1.0pt;\r\n  padding:5.0pt 5.0pt 5.0pt 5.0pt\">\r\n  <p class=\"MsoNormal\" style=\"margin:0cm;text-indent:0cm;line-height:115%\">Adanya\r\n  miskomunikasi antara lembaga yang ada di Sekretariat SPAB terkait siapa yang\r\n  akan mengisi materi.<o:p></o:p></p>\r\n  </td>\r\n  <td width=\"326\" valign=\"top\" style=\"width:244.85pt;border-top:none;border-left:\r\n  none;border-bottom:solid black 1.0pt;border-right:solid black 1.0pt;\r\n  mso-border-top-alt:solid black 1.0pt;mso-border-left-alt:solid black 1.0pt;\r\n  padding:5.0pt 5.0pt 5.0pt 5.0pt\">\r\n  <p class=\"MsoNormal\" style=\"margin:0cm;text-indent:0cm;line-height:115%\">Fasilitator\r\n  menghubungi secara pribadi narasumber di Sekretariat bersama SPAB, sehingga\r\n  materi dapat dipaparkan tepat waktu.<o:p></o:p></p>\r\n  </td>\r\n </tr>\r\n <tr>\r\n  <td width=\"40\" valign=\"top\" style=\"width:30.05pt;border:solid black 1.0pt;\r\n  border-top:none;mso-border-top-alt:solid black 1.0pt;padding:5.0pt 5.0pt 5.0pt 5.0pt\">\r\n  <p class=\"MsoNormal\" align=\"left\" style=\"margin: 0cm; text-indent: 0cm; line-height: normal; border: none;\">5<o:p></o:p></p>\r\n  </td>\r\n  <td width=\"326\" valign=\"top\" style=\"width:244.85pt;border-top:none;border-left:\r\n  none;border-bottom:solid black 1.0pt;border-right:solid black 1.0pt;\r\n  mso-border-top-alt:solid black 1.0pt;mso-border-left-alt:solid black 1.0pt;\r\n  padding:5.0pt 5.0pt 5.0pt 5.0pt\">\r\n  <p class=\"MsoNormal\" align=\"left\" style=\"margin: 0cm; text-indent: 0cm; line-height: normal; border: none;\">Pada hari ke-2, kajian risiko bencana memakan cukup\r\n  banyak waktu dikarenakan peserta yang datang pada hari pertama berbeda dengan\r\n  hari kedua.<o:p></o:p></p>\r\n  </td>\r\n  <td width=\"326\" valign=\"top\" style=\"width:244.85pt;border-top:none;border-left:\r\n  none;border-bottom:solid black 1.0pt;border-right:solid black 1.0pt;\r\n  mso-border-top-alt:solid black 1.0pt;mso-border-left-alt:solid black 1.0pt;\r\n  padding:5.0pt 5.0pt 5.0pt 5.0pt\">\r\n  <p class=\"MsoNormal\" align=\"left\" style=\"margin: 0cm; text-indent: 0cm; line-height: normal; border: none;\">Diadakan sesi review materi untuk mengulang garis\r\n  besar materi yang sudah didapatkan pada hari pertama.<o:p></o:p></p>\r\n  </td>\r\n </tr>\r\n <tr>\r\n  <td width=\"40\" valign=\"top\" style=\"width:30.05pt;border:solid black 1.0pt;\r\n  border-top:none;mso-border-top-alt:solid black 1.0pt;padding:5.0pt 5.0pt 5.0pt 5.0pt\">\r\n  <p class=\"MsoNormal\" align=\"left\" style=\"margin: 0cm; text-indent: 0cm; line-height: normal; border: none;\">6<o:p></o:p></p>\r\n  </td>\r\n  <td width=\"326\" valign=\"top\" style=\"width:244.85pt;border-top:none;border-left:\r\n  none;border-bottom:solid black 1.0pt;border-right:solid black 1.0pt;\r\n  mso-border-top-alt:solid black 1.0pt;mso-border-left-alt:solid black 1.0pt;\r\n  padding:5.0pt 5.0pt 5.0pt 5.0pt\">\r\n  <p class=\"MsoNormal\" align=\"left\" style=\"margin: 0cm; text-indent: 0cm; line-height: normal; border: none;\">Orang tua dari siswa yang mengikuti kegiatan (hari\r\n  pertama dan kedua) belum diinformasikan oleh pihak sekolah, sehingga beberapa\r\n  anak dijemput pada jam normal.<o:p></o:p></p>\r\n  </td>\r\n  <td width=\"326\" valign=\"top\" style=\"width:244.85pt;border-top:none;border-left:\r\n  none;border-bottom:solid black 1.0pt;border-right:solid black 1.0pt;\r\n  mso-border-top-alt:solid black 1.0pt;mso-border-left-alt:solid black 1.0pt;\r\n  padding:5.0pt 5.0pt 5.0pt 5.0pt\">\r\n  <p class=\"MsoNormal\" align=\"left\" style=\"margin: 0cm; text-indent: 0cm; line-height: normal; border: none;\">Fasilitator mempercepat materi dan penyusunan kajian\r\n  risiko bencana yang melibatkan anak-anak, sehingga siswa SDN 2 Banyubiru yang\r\n  terlibat dalam workshop dapat pulang lebih awal.<o:p></o:p></p>\r\n  </td>\r\n </tr>\r\n</tbody></table>','<ol><li>Adanya jadwal atau outline kegiatan yang dibagikan kepada peserta sebelum mengikuti pelatihan.</li><li>Peserta sangat antusias selama kegiatan dan diharapkan kegiatan SPAB yang telah dilaksanakan dapat menjadi program yang berkelanjutan di daerah berpotensi bencana.</li><li>Peserta yang mendapatkan materi pelatihan diharapkan dapat membagikan informasi yang telah didapatkan kepada warga sekolah lainnya.</li><li>Diharapkan sekolah-sekolah lain juga dapat menerapkan ilmu yang telah didapat selama pelatihan sehingga mampu membuat peta risiko bencana dan jalur evakuasi untuk sekolah masing-masing.&nbsp;</li></ol>','2025-11-06 02:43:36','2025-12-31 03:52:45'),(5,23,'<p>Siapa Pelatih Yang Bertugas? Siapa Pelatih Yang Bertugas? Siapa Pelatih Yang Bertugas? Siapa Pelatih Yang Bertugas? Siapa Pelatih Yang Bertugas? Siapa Pelatih Yang Bertugas? Siapa Pelatih Yang Bertugas? </p>','<p>Hasil Pelatihan Hasil Pelatihan Hasil Pelatihan Hasil Pelatihan Hasil Pelatihan Hasil Pelatihan Hasil Pelatihan </p>',1,'<p>Apakah Ada Distribusi Yang Dilakukan Bersama Dengan Pelatihan? <br>Jika Ya, Jelaskan! Jika Ya, Jelaskan! Jika Ya, Jelaskan! Jika Ya, Jelaskan! Jika Ya, Jelaskan! Jika Ya, Jelaskan! Jika Ya, Jelaskan! </p>','<p>RTL dalam pelatihan adalah langkah-langkah yang dirancang peserta untuk menerapkan ilmu dan keterampilan yang telah dipelajari setelah pelatihan selesai, agar memberikan dampak nyata di tempat kerja atau kehidupan sehari-hari.</p><div><br></div>',1,NULL,'<table class=\"MsoNormalTable\" border=\"1\" cellspacing=\"0\" cellpadding=\"0\" width=\"693\" style=\"border: none;\">\r\n <tbody><tr>\r\n  <td width=\"40\" valign=\"top\" style=\"width:30.05pt;border:solid black 1.0pt;\r\n  background:#385623;padding:5.0pt 5.0pt 5.0pt 5.0pt\">\r\n  <p class=\"MsoNormal\" align=\"center\" style=\"margin:0cm;text-align:center;\r\n  text-indent:0cm;line-height:normal;mso-pagination:none;border:none;\r\n  mso-padding-alt:31.0pt 31.0pt 31.0pt 31.0pt;mso-border-shadow:yes\"><b><span style=\"color:white\">No.<o:p></o:p></span></b></p>\r\n  </td>\r\n  <td width=\"326\" valign=\"top\" style=\"width:244.85pt;border:solid black 1.0pt;\r\n  border-left:none;mso-border-left-alt:solid black 1.0pt;background:#385623;\r\n  padding:5.0pt 5.0pt 5.0pt 5.0pt\">\r\n  <p class=\"MsoNormal\" align=\"center\" style=\"margin:0cm;text-align:center;\r\n  text-indent:0cm;line-height:normal;mso-pagination:none;border:none;\r\n  mso-padding-alt:31.0pt 31.0pt 31.0pt 31.0pt;mso-border-shadow:yes\"><b><span style=\"color:white\">Tantangan<o:p></o:p></span></b></p>\r\n  </td>\r\n  <td width=\"326\" valign=\"top\" style=\"width:244.85pt;border:solid black 1.0pt;\r\n  border-left:none;mso-border-left-alt:solid black 1.0pt;background:#385623;\r\n  padding:5.0pt 5.0pt 5.0pt 5.0pt\">\r\n  <p class=\"MsoNormal\" align=\"center\" style=\"margin:0cm;text-align:center;\r\n  text-indent:0cm;line-height:normal;mso-pagination:none;border:none;\r\n  mso-padding-alt:31.0pt 31.0pt 31.0pt 31.0pt;mso-border-shadow:yes\"><b><span style=\"color:white\">Solusi yang\r\n  diambil tim<o:p></o:p></span></b></p>\r\n  </td>\r\n </tr>\r\n <tr style=\"mso-yfti-irow:1;height:21.8pt\">\r\n  <td width=\"40\" valign=\"top\" style=\"width:30.05pt;border:solid black 1.0pt;\r\n  border-top:none;mso-border-top-alt:solid black 1.0pt;padding:5.0pt 5.0pt 5.0pt 5.0pt;\r\n  height:21.8pt\">\r\n  <p class=\"MsoNormal\" align=\"left\" style=\"margin: 0cm; text-indent: 0cm; line-height: normal; border: none;\">1<o:p></o:p></p>\r\n  </td>\r\n  <td width=\"326\" valign=\"top\" style=\"width:244.85pt;border-top:none;border-left:\r\n  none;border-bottom:solid black 1.0pt;border-right:solid black 1.0pt;\r\n  mso-border-top-alt:solid black 1.0pt;mso-border-left-alt:solid black 1.0pt;\r\n  padding:5.0pt 5.0pt 5.0pt 5.0pt;height:21.8pt\">\r\n  <p class=\"MsoNormal\" align=\"left\" style=\"margin: 0cm; text-indent: 0cm; line-height: normal; border: none;\">Anak-anak SDN 2 Banyubiru yang mengikuti sesi di hari\r\n  pertama cepat merasa bosan karena penjelasan yang terlalu berat.<o:p></o:p></p>\r\n  </td>\r\n  <td width=\"326\" valign=\"top\" style=\"width:244.85pt;border-top:none;border-left:\r\n  none;border-bottom:solid black 1.0pt;border-right:solid black 1.0pt;\r\n  mso-border-top-alt:solid black 1.0pt;mso-border-left-alt:solid black 1.0pt;\r\n  padding:5.0pt 5.0pt 5.0pt 5.0pt;height:21.8pt\">\r\n  <p class=\"MsoNormal\" align=\"left\" style=\"margin: 0cm; text-indent: 0cm; line-height: normal; border: none;\">Di hari berikutnya sesi dibuat lebih interaktif dan\r\n  lebih banyak melibatkan anak-anak. Pembuatan peta juga dilakukan secara\r\n  berkelompok dengan campuran guru dan murid<o:p></o:p></p>\r\n  </td>\r\n </tr>\r\n <tr>\r\n  <td width=\"40\" valign=\"top\" style=\"width:30.05pt;border:solid black 1.0pt;\r\n  border-top:none;mso-border-top-alt:solid black 1.0pt;padding:5.0pt 5.0pt 5.0pt 5.0pt\">\r\n  <p class=\"MsoNormal\" align=\"left\" style=\"margin: 0cm; text-indent: 0cm; line-height: normal; border: none;\">2<o:p></o:p></p>\r\n  </td>\r\n  <td width=\"326\" valign=\"top\" style=\"width:244.85pt;border-top:none;border-left:\r\n  none;border-bottom:solid black 1.0pt;border-right:solid black 1.0pt;\r\n  mso-border-top-alt:solid black 1.0pt;mso-border-left-alt:solid black 1.0pt;\r\n  padding:5.0pt 5.0pt 5.0pt 5.0pt\">\r\n  <p class=\"MsoNormal\" align=\"left\" style=\"margin: 0cm; text-indent: 0cm; line-height: normal; border: none;\">Beberapa narasumber tidak menggunakan waktu dengan\r\n  maksimal, karena kurangnya interaksi dengan audience.<o:p></o:p></p>\r\n  </td>\r\n  <td width=\"326\" valign=\"top\" style=\"width:244.85pt;border-top:none;border-left:\r\n  none;border-bottom:solid black 1.0pt;border-right:solid black 1.0pt;\r\n  mso-border-top-alt:solid black 1.0pt;mso-border-left-alt:solid black 1.0pt;\r\n  padding:5.0pt 5.0pt 5.0pt 5.0pt\">\r\n  <p class=\"MsoNormal\" align=\"left\" style=\"margin: 0cm; text-indent: 0cm; line-height: normal; border: none;\">MC merangkap sebagai time keeper sehingga waktu\r\n  pelaksanaan dapat dimanfaatkan dengan maksimal, selain itu pada hari\r\n  berikutnya guru-guru banyak dilibatkan dalam diskusi dan pengambilan\r\n  keputusan sehingga waktu yang tersedia dapat digunakan dengan maksimal.<o:p></o:p></p>\r\n  </td>\r\n </tr>\r\n <tr>\r\n  <td width=\"40\" valign=\"top\" style=\"width:30.05pt;border:solid black 1.0pt;\r\n  border-top:none;mso-border-top-alt:solid black 1.0pt;padding:5.0pt 5.0pt 5.0pt 5.0pt\">\r\n  <p class=\"MsoNormal\" align=\"left\" style=\"margin: 0cm; text-indent: 0cm; line-height: normal; border: none;\">3<o:p></o:p></p>\r\n  </td>\r\n  <td width=\"326\" valign=\"top\" style=\"width:244.85pt;border-top:none;border-left:\r\n  none;border-bottom:solid black 1.0pt;border-right:solid black 1.0pt;\r\n  mso-border-top-alt:solid black 1.0pt;mso-border-left-alt:solid black 1.0pt;\r\n  padding:5.0pt 5.0pt 5.0pt 5.0pt\">\r\n  <p class=\"MsoNormal\" style=\"margin:0cm;text-indent:0cm;line-height:115%\">Pihak\r\n  sekolah meminta dibuatkan sertifikat dengan judul “Diklat”.<o:p></o:p></p>\r\n  </td>\r\n  <td width=\"326\" valign=\"top\" style=\"width:244.85pt;border-top:none;border-left:\r\n  none;border-bottom:solid black 1.0pt;border-right:solid black 1.0pt;\r\n  mso-border-top-alt:solid black 1.0pt;mso-border-left-alt:solid black 1.0pt;\r\n  padding:5.0pt 5.0pt 5.0pt 5.0pt\">\r\n  <p class=\"MsoNormal\" style=\"margin:0cm;text-indent:0cm;line-height:115%\">Koordinasi\r\n  dengan kepala sekolah terkait dengan judul sertifikat yang akan digunakan.\r\n  Sesuai dengan arahan kepala sekolah, akan digunakan penamaan “Pelatihan”\r\n  sesuai dengan judul pada undangan. Pada saat pelatihan dilakukan juga pre dan\r\n  post test serta penyusunan kurikulum agar kegiatan dapat dikatakan berbentuk\r\n  pelatihan dan bimbingan teknis.<o:p></o:p></p>\r\n  </td>\r\n </tr>\r\n <tr>\r\n  <td width=\"40\" valign=\"top\" style=\"width:30.05pt;border:solid black 1.0pt;\r\n  border-top:none;mso-border-top-alt:solid black 1.0pt;padding:5.0pt 5.0pt 5.0pt 5.0pt\">\r\n  <p class=\"MsoNormal\" align=\"left\" style=\"margin: 0cm; text-indent: 0cm; line-height: normal; border: none;\">4<o:p></o:p></p>\r\n  </td>\r\n  <td width=\"326\" valign=\"top\" style=\"width:244.85pt;border-top:none;border-left:\r\n  none;border-bottom:solid black 1.0pt;border-right:solid black 1.0pt;\r\n  mso-border-top-alt:solid black 1.0pt;mso-border-left-alt:solid black 1.0pt;\r\n  padding:5.0pt 5.0pt 5.0pt 5.0pt\">\r\n  <p class=\"MsoNormal\" style=\"margin:0cm;text-indent:0cm;line-height:115%\">Adanya\r\n  miskomunikasi antara lembaga yang ada di Sekretariat SPAB terkait siapa yang\r\n  akan mengisi materi.<o:p></o:p></p>\r\n  </td>\r\n  <td width=\"326\" valign=\"top\" style=\"width:244.85pt;border-top:none;border-left:\r\n  none;border-bottom:solid black 1.0pt;border-right:solid black 1.0pt;\r\n  mso-border-top-alt:solid black 1.0pt;mso-border-left-alt:solid black 1.0pt;\r\n  padding:5.0pt 5.0pt 5.0pt 5.0pt\">\r\n  <p class=\"MsoNormal\" style=\"margin:0cm;text-indent:0cm;line-height:115%\">Fasilitator\r\n  menghubungi secara pribadi narasumber di Sekretariat bersama SPAB, sehingga\r\n  materi dapat dipaparkan tepat waktu.<o:p></o:p></p>\r\n  </td>\r\n </tr>\r\n <tr>\r\n  <td width=\"40\" valign=\"top\" style=\"width:30.05pt;border:solid black 1.0pt;\r\n  border-top:none;mso-border-top-alt:solid black 1.0pt;padding:5.0pt 5.0pt 5.0pt 5.0pt\">\r\n  <p class=\"MsoNormal\" align=\"left\" style=\"margin: 0cm; text-indent: 0cm; line-height: normal; border: none;\">5<o:p></o:p></p>\r\n  </td>\r\n  <td width=\"326\" valign=\"top\" style=\"width:244.85pt;border-top:none;border-left:\r\n  none;border-bottom:solid black 1.0pt;border-right:solid black 1.0pt;\r\n  mso-border-top-alt:solid black 1.0pt;mso-border-left-alt:solid black 1.0pt;\r\n  padding:5.0pt 5.0pt 5.0pt 5.0pt\">\r\n  <p class=\"MsoNormal\" align=\"left\" style=\"margin: 0cm; text-indent: 0cm; line-height: normal; border: none;\">Pada hari ke-2, kajian risiko bencana memakan cukup\r\n  banyak waktu dikarenakan peserta yang datang pada hari pertama berbeda dengan\r\n  hari kedua.<o:p></o:p></p>\r\n  </td>\r\n  <td width=\"326\" valign=\"top\" style=\"width:244.85pt;border-top:none;border-left:\r\n  none;border-bottom:solid black 1.0pt;border-right:solid black 1.0pt;\r\n  mso-border-top-alt:solid black 1.0pt;mso-border-left-alt:solid black 1.0pt;\r\n  padding:5.0pt 5.0pt 5.0pt 5.0pt\">\r\n  <p class=\"MsoNormal\" align=\"left\" style=\"margin: 0cm; text-indent: 0cm; line-height: normal; border: none;\">Diadakan sesi review materi untuk mengulang garis\r\n  besar materi yang sudah didapatkan pada hari pertama.<o:p></o:p></p>\r\n  </td>\r\n </tr>\r\n <tr>\r\n  <td width=\"40\" valign=\"top\" style=\"width:30.05pt;border:solid black 1.0pt;\r\n  border-top:none;mso-border-top-alt:solid black 1.0pt;padding:5.0pt 5.0pt 5.0pt 5.0pt\">\r\n  <p class=\"MsoNormal\" align=\"left\" style=\"margin: 0cm; text-indent: 0cm; line-height: normal; border: none;\">6<o:p></o:p></p>\r\n  </td>\r\n  <td width=\"326\" valign=\"top\" style=\"width:244.85pt;border-top:none;border-left:\r\n  none;border-bottom:solid black 1.0pt;border-right:solid black 1.0pt;\r\n  mso-border-top-alt:solid black 1.0pt;mso-border-left-alt:solid black 1.0pt;\r\n  padding:5.0pt 5.0pt 5.0pt 5.0pt\">\r\n  <p class=\"MsoNormal\" align=\"left\" style=\"margin: 0cm; text-indent: 0cm; line-height: normal; border: none;\">Orang tua dari siswa yang mengikuti kegiatan (hari\r\n  pertama dan kedua) belum diinformasikan oleh pihak sekolah, sehingga beberapa\r\n  anak dijemput pada jam normal.<o:p></o:p></p>\r\n  </td>\r\n  <td width=\"326\" valign=\"top\" style=\"width:244.85pt;border-top:none;border-left:\r\n  none;border-bottom:solid black 1.0pt;border-right:solid black 1.0pt;\r\n  mso-border-top-alt:solid black 1.0pt;mso-border-left-alt:solid black 1.0pt;\r\n  padding:5.0pt 5.0pt 5.0pt 5.0pt\">\r\n  <p class=\"MsoNormal\" align=\"left\" style=\"margin: 0cm; text-indent: 0cm; line-height: normal; border: none;\">Fasilitator mempercepat materi dan penyusunan kajian\r\n  risiko bencana yang melibatkan anak-anak, sehingga siswa SDN 2 Banyubiru yang\r\n  terlibat dalam workshop dapat pulang lebih awal.<o:p></o:p></p>\r\n  </td>\r\n </tr>\r\n</tbody></table>','<ol><li>Adanya jadwal atau outline kegiatan yang dibagikan kepada peserta sebelum mengikuti pelatihan.</li><li>Peserta sangat antusias selama kegiatan dan diharapkan kegiatan SPAB yang telah dilaksanakan dapat menjadi program yang berkelanjutan di daerah berpotensi bencana.</li><li>Peserta yang mendapatkan materi pelatihan diharapkan dapat membagikan informasi yang telah didapatkan kepada warga sekolah lainnya.</li><li>Diharapkan sekolah-sekolah lain juga dapat menerapkan ilmu yang telah didapat selama pelatihan sehingga mampu membuat peta risiko bencana dan jalur evakuasi untuk sekolah masing-masing.&nbsp;</li></ol>','2025-11-06 02:43:36','2025-12-31 03:52:45');

/*Data for the table `trkegiatanpembelanjaan` */

insert  into `trkegiatanpembelanjaan`(`id`,`kegiatan_id`,`pembelanjaandetailbarang`,`pembelanjaanmulai`,`pembelanjaanselesai`,`pembelanjaandistribusimulai`,`pembelanjaandistribusiselesai`,`pembelanjaanterdistribusi`,`pembelanjaanakandistribusi`,`pembelanjaanakandistribusi_ket`,`pembelanjaankendala`,`pembelanjaanisu`,`pembelanjaanpembelajaran`,`created_at`,`updated_at`) values (1,11,NULL,NULL,NULL,NULL,NULL,0,0,NULL,NULL,NULL,NULL,'2025-06-20 00:09:05','2025-06-20 00:09:05'),(2,22,'<p>Silakan Isi Dan Jabarkan Pembelajaran Apa Yang Bisa Didapatkan Selama Proses Pelaksanaan Kegiatan. Bisa Diambil Dari Hasil Evaluasi Internal Tim Dan Form Frm Yang Diisi Partisipan. Silakan Fokus Pada Rekomendasi Pembelajarannya.</p>','2025-11-08 02:53:00','2025-11-08 02:53:00','2025-11-09 02:53:00','2025-11-09 02:53:00',1,1,'<p>Kendala/Tantangan Dan Solusi Yang Diterapkan&nbsp;</p>','<p>Isu Yang Perlu Dipehatikan Dan Rekomendasinya&nbsp;</p>','<p>Silakan Isi Dan Jabarkan Pembelajaran Apa Yang Bisa Didapatkan Selama Proses Pelaksanaan Kegiatan. Bisa Diambil Dari Hasil Evaluasi Internal Tim Dan Form Frm Yang Diisi Partisipan. Silakan Fokus Pada Rekomendasi Pembelajarannya.</p>','<p>Jabarkan Dan Jelaskan Apa Saja Jenis Komponen Yang Dikembangkan (Contoh: Kebun Pekarangan Keluarga, Penangkapan Air Hujan, Dan Pengelolaan Kompos Skala Rumah Tangga)</p>','2025-11-06 02:54:37','2025-11-06 02:54:37');

/*Data for the table `trkegiatanpemetaan` */

/*Data for the table `trkegiatanpengembangan` */

/*Data for the table `trkegiatanpenulis` */

insert  into `trkegiatanpenulis`(`id`,`kegiatan_id`,`penulis_id`,`peran_id`,`created_at`,`updated_at`) values (1,1,1,3,'2025-02-20 19:14:29','2025-02-20 19:14:29'),(2,1,2,3,'2025-02-20 19:14:29','2025-02-20 19:14:29'),(3,2,1,3,'2025-04-13 18:36:39','2025-12-27 16:31:54'),(4,2,2,2,'2025-04-13 18:36:39','2025-12-27 16:31:54'),(11,5,1,3,'2025-05-23 16:38:06','2025-05-23 16:38:06'),(12,5,3,4,'2025-05-23 16:38:06','2025-05-23 16:38:06'),(13,5,2,1,'2025-05-23 16:38:06','2025-05-23 16:38:06'),(14,6,2,4,'2025-06-19 13:08:01','2025-12-22 23:44:36'),(15,7,2,2,'2025-06-19 13:34:07','2025-12-27 16:58:19'),(16,9,1,2,'2025-06-19 23:34:06','2025-06-19 23:34:06'),(17,12,1,2,'2025-06-20 00:51:30','2026-01-26 22:51:04'),(18,12,3,1,'2025-06-20 00:51:30','2026-01-26 22:51:04'),(19,13,1,2,'2025-06-20 18:21:30','2025-08-20 23:53:21'),(20,14,1,2,'2025-06-30 20:10:34','2025-08-20 23:50:59'),(21,14,2,3,'2025-06-30 20:10:34','2025-08-20 23:50:59'),(22,14,3,4,'2025-06-30 20:10:34','2025-08-20 23:50:59'),(23,17,2,4,'2025-08-27 12:33:42','2025-08-27 12:33:42'),(24,18,1,1,'2025-08-29 14:43:50','2025-11-19 01:08:14'),(25,6,3,1,'2025-09-23 00:21:41','2025-12-22 23:44:36'),(26,19,4,3,'2025-11-06 02:16:38','2025-11-06 02:16:38'),(27,20,4,2,'2025-11-06 02:35:13','2025-11-07 02:31:39'),(28,20,2,3,'2025-11-06 02:35:13','2025-11-07 02:31:39'),(29,21,4,4,'2025-11-06 02:43:36','2025-12-31 03:52:46'),(30,22,4,3,'2025-11-06 02:54:37','2025-11-06 02:54:37'),(31,18,4,3,'2025-11-19 01:08:14','2025-11-19 01:08:14'),(32,18,2,2,'2025-11-19 01:08:14','2025-11-19 01:08:14'),(33,21,2,3,'2025-12-27 15:58:48','2025-12-31 03:52:46'),(34,21,3,2,'2025-12-27 15:58:48','2025-12-31 03:52:46'),(35,2,4,2,'2025-12-27 16:26:54','2025-12-27 16:31:54');

/*Data for the table `trkegiatansosialisasi` */

insert  into `trkegiatansosialisasi`(`id`,`kegiatan_id`,`sosialisasiyangterlibat`,`sosialisasitemuan`,`sosialisasitambahan`,`sosialisasitambahan_ket`,`sosialisasikendala`,`sosialisasiisu`,`sosialisasipembelajaran`,`created_at`,`updated_at`) values (1,1,'<p><span style=\"font-weight: 700;\">Pihak Yang Terlibat&nbsp;</span><span class=\"fas fa-info-circle text-success\" data-toggle=\"tooltip\" title=\"Siapa Saja Individu Dan Lembaga Yang Terlibat Dalam Kegiatan Ini?\"></span></p>','<p><span style=\"font-weight: 700;\">Temuan/Hasil Sosialisasi&nbsp;</span><span class=\"fas fa-info-circle text-success\" data-toggle=\"tooltip\" title=\"Jabarkan Secara Mendetil Temuan Dan Hasil Yang Didapatkan Dari Kegiatan Assessment Ini\"></span></p>',1,'<p><span style=\"font-weight: 700;\">Apakah Membutuhkan Sosialisasi Tambahan?&nbsp;</span><span class=\"fas fa-info-circle text-success\" data-toggle=\"tooltip\" title=\"\"></span></p>',NULL,'<p><span style=\"font-weight: 700;\">Isu Yang Perlu Dipehatikan Dan Rekomendasinya&nbsp;</span><span class=\"fas fa-info-circle text-success\" data-toggle=\"tooltip\" title=\"Silahkan Isi Dan Jabarkan Isu-Isu Yang Perlu Diperhatikan (Bersifat Di Luar Kendali Tim) Selama Menjalankan Kegiatan, Serta Rekomendasi Yang Perlu Diambil Berdasarkan Hasil Evaluasi Kegiatan (Jika Ada).\"></span></p>','<p><span style=\"font-weight: 700;\">Pembelajaran&nbsp;</span></p>','2025-02-20 19:14:29','2025-02-20 19:14:29'),(3,15,NULL,NULL,0,NULL,NULL,NULL,NULL,'2025-06-30 20:23:54','2025-06-30 20:23:54'),(4,18,'<p>Deskripsi Keluaran</p><div><br></div>','<p>Temuan/Hasil Sosialisasi&nbsp;</p>',1,'<p>Apakah Membutuhkan Sosialisasi Tambahan?&nbsp;</p>','<p>Kendala/Tantangan Dan Solusi Yang Diterapkan&nbsp;</p>','<p>Isu Yang Perlu Dipehatikan Dan Rekomendasinya&nbsp;<br>Isu Yang Perlu Dipehatikan Dan Rekomendasinya&nbsp;<br>Isu Yang Perlu Dipehatikan Dan Rekomendasinya&nbsp;<br>Isu Yang Perlu Dipehatikan Dan Rekomendasinya&nbsp;</p>','<p>Pembelajaran&nbsp;</p><p>Pembelajaran&nbsp;</p><p>Pembelajaran&nbsp;</p><p><br></p>','2025-08-29 14:43:50','2025-11-19 01:08:14'),(5,20,'<p>Pihak Yang Terlibat </p>','<p>Temuan/Hasil Sosialisasi </p>',1,'<p>Apakah Membutuhkan Sosialisasi Tambahan? </p>','<p>Kendala/Tantangan Dan Solusi Yang Diterapkan </p>','<p>Pembelajaran Silahkan Isi Dan Jabarkan Isu-Isu Yang Perlu Diperhatikan (Bersifat Di Luar Kendali Tim) Selama Menjalankan Kegiatan, Serta Rekomendasi Yang Perlu Diambil Berdasarkan Hasil Evaluasi Kegiatan (Jika Ada).</p>','<p>Silakan Isi Dan Jabarkan Pembelajaran Apa Yang Bisa Didapatkan Selama Proses Pelaksanaan Kegiatan. Bisa Diambil Dari Hasil Evaluasi Internal Tim Dan Form Frm Yang Diisi Partisipan. Silakan Fokus Pada Rekomendasi Pembelajarannya.</p>','2025-11-06 02:35:13','2025-11-07 02:31:39');

/*Data for the table `trmeals_komponen_model` */

insert  into `trmeals_komponen_model`(`id`,`program_id`,`user_id`,`komponenmodel_id`,`totaljumlah`,`created_at`,`updated_at`,`deleted_at`) values (1,4,1,1,134,'2025-05-16 18:36:51','2025-08-27 13:46:11',NULL),(2,8,1,1,99,'2025-06-19 23:39:24','2025-06-19 23:39:24',NULL),(3,9,1,4,500,'2025-06-20 18:25:44','2025-09-07 23:38:50',NULL),(4,14,1,2,199,'2025-06-30 20:19:48','2025-06-30 20:21:00',NULL),(5,3,1,4,212,'2025-08-18 11:31:17','2025-08-18 11:31:17',NULL),(6,8,1,2,344,'2026-01-03 00:37:30','2026-01-03 00:37:30',NULL),(7,7,1,4,100,'2026-01-28 02:28:12','2026-01-28 02:28:12',NULL),(8,9,1,6,12,'2026-01-28 22:30:18','2026-01-28 22:30:18',NULL),(9,3,1,6,64,'2026-01-28 22:32:19','2026-01-28 22:34:14',NULL);

/*Data for the table `trmeals_komponen_model_lokasi` */

insert  into `trmeals_komponen_model_lokasi`(`id`,`mealskomponenmodel_id`,`dusun_id`,`desa_id`,`kecamatan_id`,`kabupaten_id`,`provinsi_id`,`long`,`lat`,`satuan_id`,`jumlah`,`created_at`,`updated_at`,`deleted_at`) values (1,1,5,5104031003,510403,5104,51,'115.133536','-8.653794',1,122,'2025-05-16 18:36:51','2025-05-16 18:36:51',NULL),(2,2,16,5101011006,510101,5101,51,'9.000000','9.000000',1,99,'2025-06-19 23:39:24','2025-06-19 23:39:24',NULL),(3,3,16,5101011006,510101,5101,51,'115.176844','-8.757246',17,500,'2025-06-20 18:25:44','2025-09-07 23:38:39',NULL),(4,4,16,5101011006,510101,5101,51,'114.660248','-8.352445',1,100,'2025-06-30 20:19:48','2026-01-03 00:39:09',NULL),(5,4,16,5101011006,510101,5101,51,'114.624027','-8.304887',11,99,'2025-06-30 20:21:00','2026-01-03 00:39:34',NULL),(6,5,16,5101011006,510101,5101,51,'114.562726','-8.312960',11,123,'2025-08-18 11:31:17','2025-08-18 11:31:17',NULL),(7,5,17,5102022001,510202,5102,51,'115.066778','-8.426776',17,89,'2025-08-18 11:31:17','2025-08-18 11:31:17',NULL),(8,1,9,1101012001,110101,1101,11,'11.000000','-11.000000',21,12,'2025-08-27 13:46:10','2025-08-27 13:46:10',NULL),(9,6,5,5104031003,510403,5104,51,'115.345911','-8.532185',7,344,'2026-01-03 00:37:30','2026-01-03 00:37:30',NULL),(10,7,5,5104031003,510403,5104,51,'115.344587','-8.530492',14,100,'2026-01-28 02:28:12','2026-01-28 02:28:12',NULL),(11,8,5,5104031003,510403,5104,51,'115.061384','-8.331593',1,12,'2026-01-28 22:30:18','2026-01-28 22:30:18',NULL),(12,9,9,1101012001,110101,1101,11,'96.997373','4.155667',1,32,'2026-01-28 22:32:19','2026-01-28 22:32:19',NULL),(13,9,9,1101012001,110101,1101,11,'101.875302','4.462415',10,32,'2026-01-28 22:34:13','2026-01-28 22:34:13',NULL);

/*Data for the table `trmeals_komponen_model_targetreinstra` */

insert  into `trmeals_komponen_model_targetreinstra`(`id`,`mealskomponenmodel_id`,`targetreinstra_id`,`created_at`,`updated_at`,`deleted_at`) values (1,1,11,'2025-05-16 18:36:51','2025-05-16 18:36:51',NULL),(2,1,10,'2025-05-16 18:36:51','2025-05-16 18:36:51',NULL),(3,1,12,'2025-05-16 18:36:51','2025-05-16 18:36:51',NULL),(4,1,13,'2025-05-16 18:36:51','2025-05-16 18:36:51',NULL),(5,1,14,'2025-05-16 18:36:51','2025-05-16 18:36:51',NULL),(6,2,1,'2025-06-19 23:39:24','2025-06-19 23:39:24',NULL),(7,2,3,'2025-06-19 23:39:24','2025-06-19 23:39:24',NULL),(8,3,2,'2025-06-20 18:25:44','2025-06-20 18:25:44',NULL),(9,4,1,'2025-06-30 20:19:48','2025-06-30 20:19:48',NULL),(10,1,8,NULL,NULL,NULL),(11,5,60,'2025-08-18 11:31:17','2025-08-18 11:31:17',NULL),(12,5,59,'2025-08-18 11:31:17','2025-08-18 11:31:17',NULL),(13,5,58,'2025-08-18 11:31:17','2025-08-18 11:31:17',NULL),(14,5,57,'2025-08-18 11:31:17','2025-08-18 11:31:17',NULL),(15,5,2,NULL,NULL,NULL),(16,5,4,NULL,NULL,NULL),(17,6,3,'2026-01-03 00:37:30','2026-01-03 00:37:30',NULL),(18,6,5,'2026-01-03 00:37:30','2026-01-03 00:37:30',NULL),(19,7,5,'2026-01-28 02:28:12','2026-01-28 02:28:12',NULL),(20,7,2,'2026-01-28 02:28:12','2026-01-28 02:28:12',NULL),(21,7,4,'2026-01-28 02:28:12','2026-01-28 02:28:12',NULL),(22,8,40,'2026-01-28 22:30:18','2026-01-28 22:30:18',NULL),(23,8,20,'2026-01-28 22:30:18','2026-01-28 22:30:18',NULL),(24,9,5,'2026-01-28 22:32:19','2026-01-28 22:32:19',NULL),(25,9,2,NULL,NULL,NULL);

/*Data for the table `trmeals_penerima_manfaat` */

insert  into `trmeals_penerima_manfaat`(`id`,`program_id`,`user_id`,`dusun_id`,`nama`,`no_telp`,`jenis_kelamin`,`rt`,`rw`,`umur`,`is_head_family`,`head_family_name`,`keterangan`,`is_non_activity`,`created_at`,`updated_at`,`deleted_at`) values (1,1,2,5,'I Gusti Komang Rauh Subagia','085920512588','laki','001','001',11,1,'I Gusti Komang Rauh Subagia','gusti.subagia@kapitmas.com\nCasting\nRubber Mold',0,'2025-04-04 18:53:56','2025-09-07 23:39:57',NULL),(2,1,1,5,'Ni Made Adi Sariyati','08191199293','laki','323','111',23,1,'Ni Made Adi Sariyati','1.\nTahun Mulai : 2002\nTahun Akhir : 2008\nRiwayat : SDN 1 Kerobokan Kaja\n2.\nTahun Mulai : 2008\nTahun Akhir : 2011\nRiwayat : SMP Ngurah Rai\n3.\nTahun Mulai : 2011\nTahun Akhir : 2014\nRiwayat : SMK Wira Harapan\n4.\nTahun Mulai : 2014\nTahun Akhir : 2018\nRiwayat : STIKI Indonesia',0,'2025-04-12 05:18:10','2025-05-13 12:12:51',NULL),(3,1,1,5,'Lely Meilina','08232323222','perempuan','222','221',13,1,'Lely Meilina','Tahun Mulai : 2013\nTahun Akhir : 2020\nRiwayat : CV. Code Artisan\nJabatan / Posisi : Programmer Freelance\n\nTahun Mulai : 2015\nTahun Akhir : 2018\nRiwayat : PT. Adi Citra Sakti\nJabatan / Posisi : IT Support\n\nTahun Mulai : 2018\nTahun Akhir : 2020\nRiwayat : Dinas Komunikasi dan Informatika Kabupaten Badung\nJabatan / Posisi : Programmer',1,'2025-04-12 05:19:42','2025-05-13 12:13:05',NULL),(4,1,2,8,'rur','081234556789000','perempuan','005','001',80,0,NULL,'anu anu anu',1,'2025-04-24 18:44:00','2025-04-24 18:45:37','2025-04-24 18:45:37'),(5,1,1,3,'Zinedine Zidane',NULL,'laki','xxx','xxx',52,1,'Zinedine Zidane','Zinedine Yazid Zidane, popularly known as Zizou, is a French professional football manager and former player who played as an attacking midfielder. He most recently coached La Liga club Real Madrid and is one of the most successful coaches in the world. Widely regarded as one of the greatest players of all time, Zidane was a playmaker renowned for his elegance, vision, passing, and ball control. He received many individual accolades as a player, including being named FIFA World Player of the Year in 1998, 2000 and 2003, and winning the 1998 Ballon d&amp;amp;amp;#039;Or.',1,'2025-05-01 18:32:55','2025-05-13 12:33:39',NULL),(6,4,2,9,'Zinedine Zidane Jr','081999333222','laki','123','123',54,1,'Zinedine Zidane Jr','French footballer and coach',1,'2025-05-05 13:29:54','2025-05-13 12:35:03',NULL),(7,5,2,10,'David Beckham','0833366111','laki','-','-',54,1,'David Beckham','Beckham&#039;s professional club career began with Manchester United, where he made his first-team debut in 1992 at age 17.\n\nWith United, he won the Premier League title six times, the FA Cup twice, the FA Charity Shield twice, the Intercontinental Cup and the UEFA Champions League in 1999\n\n\nClub career\nManchester United\n1991–1994: Youth and early-career\nHaving signed for Manchester United as a trainee on 8 July 1991,[45] Beckham was part of a group of young players, including Ryan Giggs, Gary Neville, Phil Neville, Nicky Butt and Paul Scholes, who were coached by Eric Harrison, and helped the club win the FA Youth Cup in May 1992. Beckham scored Manchester United&#039;s second goal in the 30th minute of their 3–1 first-leg win of the final against Crystal Palace on 14 April 1992. In the second leg on 15 May, Beckham played a full 90-minutes of the fixture which ended 3–2 in favour of Manchester United and 6–3 on aggregate. Beckham&#039;s impact led to a first-team debut on 23 September 1992, as a substitute for Andrei Kanchelskis in a League Cup match against Brighton &amp; Hove Albion. Shortly afterwards, Beckham signed as a professional on 23 January 1993',1,'2025-05-05 13:34:40','2025-05-13 12:34:05',NULL),(8,5,2,10,'Victoria Beckham',NULL,'perempuan','000','000',51,0,'David Beckham','Victoria Caroline Beckham (née Adams; born 17 April 1974)[1][2] is an English fashion designer, singer, and television personality. She rose to prominence in the 1990s as a member of the pop group the Spice Girls, in which she was nicknamed Posh Spice. With over 100 million records sold worldwide,[3] the group became the best-selling female group of all time.[4][5] After the Spice Girls disbanded in 2001, Beckham signed with Virgin Records, to release her self-titled debut solo album, which produced two UK Top 10 singles. Beckham has also become an internationally recognised style icon and fashion designer.',1,'2025-05-05 13:36:21','2025-05-05 13:36:21',NULL),(9,5,2,5,'Yu Ji-min',NULL,'perempuan','000','000',25,0,'David Beckham','Yu Ji-min (Korean: 유지민; born April 11, 2000), known professionally as Karina, is a South Korean singer and rapper. She is the leader of the South Korean girl group Aespa, formed by SM Entertainment on November 17, 2020. She is also a member of the supergroup Got the Beat, which debuted on January 3, 2022.',1,'2025-05-05 13:38:18','2025-05-13 12:56:04',NULL),(10,7,2,5,'Alisson Becker',NULL,'laki','111','111',32,1,'Alisson Becker','https://www.premierleague.com/players/20559/Alisson-Becker/overview',0,'2025-05-13 12:48:48','2025-05-13 12:48:48',NULL),(11,7,2,9,'Ollie Watkins',NULL,'laki','-','-',26,1,'Ollie Watkins','Ollie Watkins became Aston Villa\'s all-time leading Premier League goalscorer as they boosted their UEFA Champions League hopes with a 1-0 win at AFC Bournemouth, whose own European ambitions suffered a setback',0,'2025-05-13 12:48:48','2025-05-13 12:48:48',NULL),(12,7,2,5,'Alexander Isak',NULL,'laki','000','000',25,1,'Alexander Isak','Alexander Isak\n21/09/1999 (25)\n\nAlexander Isak (born 21 September 1999) is a Swedish professional footballer who plays as a striker for Premier League club Newcastle United and the Sweden national team. \n\nhttps://www.premierleague.com/players/21737/Alexander-Isak/overview',1,'2025-05-13 12:52:21','2025-05-13 12:52:21',NULL),(13,7,2,10,'Matz Sels',NULL,'laki','111','111',32,0,'Nottingham Forest','Matz Willy Els Sels (born 26 February 1992) is a Belgian professional footballer who plays as a goalkeeper for Premier League club Nottingham Forest and the Belgium national team.',0,'2025-05-13 12:54:44','2025-05-13 12:54:44',NULL),(14,2,2,9,'Obito Uchiha','0893332221','laki','000','000',55,0,'Minato Namikaze','Obito grew up not knowing who his parents were; in the anime, he was left in the care of his grandmother.[7] Feeling alone in the world, Obito dreamed of becoming Hokage so that the people of the village would acknowledge his existence.[8] He enrolled in the Academy to help him achieve that goal, where he developed a one-sided rivalry with Kakashi, whose natural talent and popularity he was jealous of. He also became a close friend of Rin Nohara, whom he eventually fell in love with. After finally graduating some years later, Obito, Rin, and Kakashi were placed on a team under the leadership of Minato',0,'2025-05-22 15:54:32','2025-05-22 16:15:42',NULL),(15,2,2,11,'Agueroo','081333993312','laki','000','000',22,1,'Agueroo','Dusun Sahunlatter',1,'2025-05-22 15:54:32','2025-05-22 15:54:32',NULL),(16,2,2,12,'Sasuke Uchiha','081999332','laki','002','001',28,1,'Sasuke Uchiha','Sasuke Uchiha (うちはサスケ, Uchiha Sasuke) is one of the last surviving members of Konohagakure&#039;s Uchiha clan. After his older brother, Itachi, slaughtered their clan, Sasuke made it his mission in life to avenge them by killing Itachi. He is added to Team 7 upon becoming a Shinobi, and, through competition with his rival and best friend, Naruto Uzumaki, Sasuke starts developing his skills but eventually grows dissatisfied with his progress. He defects from Konoha so that he can acquire the strength needed to exact his revenge and master the Cursed Seal of Heaven. His years of seeking vengeance and the actions that followed became increasingly demanding, irrational, and isolated from others, leading him to be branded as an international criminal. After learning the truth of his brother&#039;s sacrifice, later proving instrumental in ending the Fourth Shinobi World War, and being happily redeemed by Naruto, Sasuke decides to return to Konoha and dedicate his life to help protect the village and its inhabitants, becoming referred to as the &quot;Supporting Kage&quot; (支う影, Sasaukage, literally meaning: Supporting Shadow).',0,'2025-05-22 15:58:56','2025-05-22 15:58:56',NULL),(17,2,2,13,'Kakashi Hatake','0819993322','laki','001','001',45,1,'Kakashi Hatake','In the anime, Kakashi and Tsunade tried to stop the Konoha Military Police Force from exposing the identities of everyone connected to Root in the aftermath of the group disbanding, in order to avoid suspicion among villagers thinking each other were former members. However, many names were still revealed, causing those people to become ostracised',1,'2025-05-22 16:15:21','2025-05-22 16:15:21',NULL),(18,2,2,14,'Minato Namikaze',NULL,'laki','000','000',33,1,'Minato Namikaze','Minato Namikaze (波風ミナト, Namikaze Minato) was the Fourth Hokage (四代目火影, Yondaime Hokage, literally meaning: Fourth Fire Shadow) of Konohagakure. He was renowned all over the world as Konoha&#039;s Yellow Flash (木ノ葉の黄色い閃光, Konoha no Kiiroi Senkō, English TV: Yellow Flash of the Leaf). He died during the Nine-Tailed Demon Fox&#039;s Attack, sacrificing his life to seal a half of the Nine-Tails into himself and the other half into his newborn son, Naruto Uzumaki.',1,'2025-05-22 16:18:15','2025-05-22 16:18:15',NULL),(19,1,2,15,'test',NULL,'laki','010','010',35,1,'test','test',0,'2025-05-30 12:17:06','2025-05-30 12:17:06',NULL),(20,2,2,15,'nikimoto situmorang','08214444444','laki','010','010',18,0,'-',NULL,0,'2025-05-30 12:31:12','2025-05-30 12:31:12',NULL),(21,2,2,15,'rur',NULL,'laki','011','011',19,0,'-',NULL,0,'2025-05-30 12:33:48','2025-05-30 12:33:48',NULL),(22,8,1,16,'I WAYAN MADE','088824324','laki','00','00',88,1,'I WAYAN MADE','Lorem ipsum dolor sit amet, consectetur adipiscing elit. Sed do eiusmod tempor incididunt ut labore et dolore magna aliqua. Ut enim ad minim veniam, quis nostrud exercitation ullamco laboris nisi ut aliquip ex ea commodo consequat. Duis aute irure dolor in reprehenderit in voluptate velit esse cillum dolore eu fugiat nulla pariatur. Excepteur sint occaecat cupidatat non proident, sunt in culpa qui officia deserunt mollit anim id est laborum.',0,'2025-06-19 23:37:41','2026-01-02 00:56:29',NULL),(23,9,1,16,'I wayan','08111111','laki','00','00',45,1,'I wayan','Lorem ipsum dolor sit amet, consectetur adipiscing elit.',1,'2025-06-20 18:24:21','2025-06-20 18:24:21',NULL),(24,14,1,16,'Kepala 1','099999','laki','00','00',88,1,'Kepala 1','test',0,'2025-06-30 20:17:20','2025-06-30 20:17:20',NULL),(25,14,1,16,'Ryan','09999','lainnya','00','00',32,0,'Kepala 1','test',0,'2025-06-30 20:17:21','2026-01-28 02:30:49',NULL),(26,7,1,18,'Kim Ji Won','081337353585','perempuan','xxx','xxx',31,1,'Kim Ji Won','Kim Ji Won\nDusun Korea\nProgam XX',0,'2026-01-01 23:21:35','2026-01-01 23:21:35',NULL),(27,7,1,19,'Ronaldinho','081337353585','laki','222','111',42,1,'Ronaldinho','Ronaldinho',0,'2026-01-01 23:21:35','2026-01-01 23:21:35',NULL),(28,7,1,9,'Mr. Beast','082144570010','laki','2223','332',23,1,'Mr. Beast','Mr. Beast',0,'2026-01-01 23:46:57','2026-01-01 23:46:57',NULL),(29,8,1,9,'Linus Sebastian','081337353585','laki','000','000',34,1,'Linus Sebastian','Tambah Peserta Yang Terlibat\n Tambah Peserta Yang Terlibat\n Tambah Peserta Yang Terlibat\n Tambah Peserta Yang Terlibat\n Tambah Peserta Yang Terlibat',0,'2026-01-02 01:23:49','2026-01-02 01:23:49',NULL),(30,14,1,5,'Cristiano Ronaldo','081337353585','lainnya','-','-',34,1,'Cristiano Ronaldo','Informasi ProgramInformasi ProgramInformasi ProgramInformasi ProgramInformasi ProgramInformasi Program',0,'2026-01-28 02:01:50','2026-01-28 02:01:50',NULL);

/*Data for the table `trmeals_penerima_manfaat_activity` */

insert  into `trmeals_penerima_manfaat_activity`(`id`,`trmeals_penerima_manfaat_id`,`programoutcomeoutputactivity_id`,`created_at`,`updated_at`,`deleted_at`) values (1,1,1,'2025-04-04 18:53:56','2025-04-04 18:53:56',NULL),(2,1,2,'2025-04-04 18:53:56','2025-04-04 18:53:56',NULL),(3,1,5,'2025-04-04 18:53:56','2025-04-04 18:53:56',NULL),(4,1,3,'2025-04-04 18:53:56','2025-04-04 18:53:56',NULL),(5,1,4,'2025-04-04 18:53:56','2025-04-04 18:53:56',NULL),(6,2,2,NULL,NULL,NULL),(7,2,4,NULL,NULL,NULL),(8,3,3,NULL,NULL,NULL),(9,3,4,NULL,NULL,NULL),(10,3,5,NULL,NULL,NULL),(11,4,2,NULL,NULL,NULL),(12,7,25,NULL,NULL,NULL),(13,8,25,NULL,NULL,NULL),(14,10,33,NULL,NULL,NULL),(15,11,33,NULL,NULL,NULL),(16,13,33,NULL,NULL,NULL),(17,14,31,NULL,NULL,NULL),(18,14,6,NULL,NULL,NULL),(19,15,6,NULL,NULL,NULL),(20,16,6,NULL,NULL,NULL),(21,16,31,NULL,NULL,NULL),(22,16,32,NULL,NULL,NULL),(23,17,6,NULL,NULL,NULL),(24,19,1,NULL,NULL,NULL),(25,20,6,NULL,NULL,NULL),(26,21,31,NULL,NULL,NULL),(27,22,35,NULL,NULL,NULL),(28,22,36,NULL,NULL,NULL),(29,23,37,NULL,NULL,NULL),(30,24,38,NULL,NULL,NULL),(31,24,39,NULL,NULL,NULL),(32,24,41,NULL,NULL,NULL),(33,24,40,NULL,NULL,NULL),(34,25,38,NULL,NULL,NULL),(35,26,33,NULL,NULL,NULL),(36,27,33,NULL,NULL,NULL),(37,28,33,NULL,NULL,NULL),(38,29,35,NULL,NULL,NULL),(39,29,36,NULL,NULL,NULL),(40,30,39,NULL,NULL,NULL),(41,30,40,NULL,NULL,NULL),(42,25,39,NULL,NULL,NULL);

/*Data for the table `trmeals_penerima_manfaat_jenis_kelompok` */

insert  into `trmeals_penerima_manfaat_jenis_kelompok`(`id`,`trmeals_penerima_manfaat_id`,`jenis_kelompok_id`,`created_at`,`updated_at`,`deleted_at`) values (8,4,2,NULL,NULL,NULL),(9,4,1,NULL,NULL,NULL),(10,4,10,NULL,NULL,NULL),(11,1,3,NULL,NULL,NULL),(12,3,1,NULL,NULL,NULL),(13,8,1,NULL,NULL,NULL),(14,11,6,NULL,NULL,NULL),(15,15,9,NULL,NULL,NULL),(16,16,2,NULL,NULL,NULL),(17,19,10,NULL,NULL,NULL),(18,20,2,NULL,NULL,NULL),(19,21,10,NULL,NULL,NULL),(20,22,3,NULL,NULL,NULL),(21,22,2,NULL,NULL,NULL),(22,23,3,NULL,NULL,NULL),(23,24,3,NULL,NULL,NULL),(24,25,10,NULL,NULL,NULL),(25,26,8,NULL,NULL,NULL),(26,26,7,NULL,NULL,NULL),(27,27,9,NULL,NULL,NULL),(28,28,7,NULL,NULL,NULL),(29,29,1,NULL,NULL,NULL),(30,30,1,NULL,NULL,NULL);

/*Data for the table `trmeals_penerima_manfaat_kelompok_marjinal` */

insert  into `trmeals_penerima_manfaat_kelompok_marjinal`(`id`,`trmeals_penerima_manfaat_id`,`kelompok_marjinal_id`,`created_at`,`updated_at`,`deleted_at`) values (9,4,10,NULL,NULL,NULL),(10,4,5,NULL,NULL,NULL),(21,5,13,NULL,NULL,NULL),(23,5,3,NULL,NULL,NULL),(24,1,14,NULL,NULL,NULL),(25,2,12,NULL,NULL,NULL),(26,3,2,NULL,NULL,NULL),(27,3,8,NULL,NULL,NULL),(28,7,3,NULL,NULL,NULL),(29,8,8,NULL,NULL,NULL),(30,6,3,NULL,NULL,NULL),(31,10,9,NULL,NULL,NULL),(32,11,9,NULL,NULL,NULL),(33,12,3,NULL,NULL,NULL),(34,13,3,NULL,NULL,NULL),(35,15,10,NULL,NULL,NULL),(36,16,3,NULL,NULL,NULL),(37,14,3,NULL,NULL,NULL),(38,17,3,NULL,NULL,NULL),(39,19,3,NULL,NULL,NULL),(42,23,11,NULL,NULL,NULL),(43,24,11,NULL,NULL,NULL),(44,24,18,NULL,NULL,NULL),(45,25,11,NULL,NULL,NULL),(46,26,8,NULL,NULL,NULL),(47,26,15,NULL,NULL,NULL),(48,27,9,NULL,NULL,NULL),(49,28,2,NULL,NULL,NULL),(50,29,19,NULL,NULL,NULL),(51,22,2,NULL,NULL,NULL),(52,30,15,NULL,NULL,NULL);

/*Data for the table `trmeals_target_progress` */

insert  into `trmeals_target_progress`(`id`,`program_id`,`tanggal`,`created_at`,`updated_at`) values (1,7,'2025-05-10 00:00:00','2025-05-10 10:04:51','2025-05-10 10:04:51'),(2,7,'2025-05-10 00:00:00','2025-05-10 10:05:50','2025-05-10 10:05:50'),(3,7,'2025-05-10 00:00:00','2025-05-13 12:42:13','2025-05-13 12:42:13'),(4,2,'2025-05-30 00:00:00','2025-05-30 12:47:06','2025-05-30 12:47:06'),(5,8,'2025-06-27 00:00:00','2025-06-20 00:21:16','2025-06-20 00:21:16'),(6,8,'2025-06-27 00:00:00','2025-06-20 00:22:51','2025-06-20 00:22:51'),(7,9,'2025-06-20 00:00:00','2025-06-20 18:30:06','2025-06-20 18:30:06'),(8,9,'2025-06-20 00:00:00','2025-06-20 18:30:45','2025-06-20 18:30:45'),(9,14,'2025-06-30 00:00:00','2025-06-30 20:30:53','2025-06-30 20:30:53'),(10,1,'2025-12-24 00:00:00','2025-12-24 00:26:45','2025-12-24 00:26:45');

/*Data for the table `trmeals_target_progress_detail` */

insert  into `trmeals_target_progress_detail`(`id`,`id_meals_target_progress`,`targetable_id`,`targetable_type`,`level`,`tipe`,`achievements`,`progress`,`persentase_complete`,`status`,`challenges`,`mitigation`,`risk`,`notes`,`created_at`,`updated_at`) values (1,1,18,'App\\Models\\Program_Outcome','1','outcome','storeKegiatanHasil',NULL,NULL,'unset',NULL,NULL,NULL,NULL,'2025-05-10 10:04:52','2025-05-10 10:04:52'),(2,1,19,'App\\Models\\Program_Outcome','2','outcome','storeKegiatanHasil',4,'96.00','unset',NULL,NULL,NULL,NULL,'2025-05-10 10:04:52','2025-05-10 10:04:52'),(3,2,18,'App\\Models\\Program_Outcome','1','outcome','storeKegiatanHasil',44,'56.00','completed','idep_session=eyJpdiI6IjJLWklXNE84eFN1NVByTk13cldOV0E9PSIsInZhbHVlIjoicG9VejJVUHZhU3RRbEI1WFQ2NDB3bzByVVc5Nm9zSG9JVURhdjlJTkRzRG1RVWFYNktOZHNZejBsWUN1OGYxTVR0Q0F0UUh1VHRVOWROV2pWKzkvcXlpRTFUUDB1cDB3RnJqSVIxWUEwQUJJSHV0UVJIdE94ZWxnQWltRUlmeC8iLCJtYWMiOiI3MjkyOWIzMDJhNDdiNGE1MTVhZjJkNDhjZmFkYWIxNjA0NGFjZDFmY2Q3OTU4OGFjMGNiZmUxODQyODQzOTcyIiwidGFnIjoiIn0%3D; expires=Sat, 10 May 2025 04:04:54 GMT; Max-Age=7200; path=/; httponly; samesite=lax',NULL,'none',NULL,'2025-05-10 10:05:50','2025-05-10 10:05:50'),(4,2,19,'App\\Models\\Program_Outcome','2','outcome','storeKegiatanHasil',4,'96.00','ongoing','idep_session=eyJpdiI6IjJLWklXNE84eFN1NVByTk13cldOV0E9PSIsInZhbHVlIjoicG9VejJVUHZhU3RRbEI1WFQ2NDB3bzByVVc5Nm9zSG9JVURhdjlJTkRzRG1RVWFYNktOZHNZejBsWUN1OGYxTVR0Q0F0UUh1VHRVOWROV2pWKzkvcXlpRTFUUDB1cDB3RnJqSVIxWUEwQUJJSHV0UVJIdE94ZWxnQWltRUlmeC8iLCJtYWMiOiI3MjkyOWIzMDJhNDdiNGE1MTVhZjJkNDhjZmFkYWIxNjA0NGFjZDFmY2Q3OTU4OGFjMGNiZmUxODQyODQzOTcyIiwidGFnIjoiIn0%3D; expires=Sat, 10 May 2025 04:04:54 GMT; Max-Age=7200; path=/; httponly; samesite=lax\r\n\r\nidep_session=eyJpdiI6IjJLWklXNE84eFN1NVByTk13cldOV0E9PSIsInZhbHVlIjoicG9VejJVUHZhU3RRbEI1WFQ2NDB3bzByVVc5Nm9zSG9JVURhdjlJTkRzRG1RVWFYNktOZHNZejBsWUN1OGYxTVR0Q0F0UUh1VHRVOWROV2pWKzkvcXlpRTFUUDB1cDB3RnJqSVIxWUEwQUJJSHV0UVJIdE94ZWxnQWltRUlmeC8iLCJtYWMiOiI3MjkyOWIzMDJhNDdiNGE1MTVhZjJkNDhjZmFkYWIxNjA0NGFjZDFmY2Q3OTU4OGFjMGNiZmUxODQyODQzOTcyIiwidGFnIjoiIn0%3D; expires=Sat, 10 May 2025 04:04:54 GMT; Max-Age=7200; path=/; httponly; samesite=lax',NULL,NULL,'idep_session=eyJpdiI6IjJLWklXNE84eFN1NVByTk13cldOV0E9PSIsInZhbHVlIjoicG9VejJVUHZhU3RRbEI1WFQ2NDB3bzByVVc5Nm9zSG9JVURhdjlJTkRzRG1RVWFYNktOZHNZejBsWUN1OGYxTVR0Q0F0UUh1VHRVOWROV2pWKzkvcXlpRTFUUDB1cDB3RnJqSVIxWUEwQUJJSHV0UVJIdE94ZWxnQWltRUlmeC8iLCJtYWMiOiI3MjkyOWIzMDJhNDdiNGE1MTVhZjJkNDhjZmFkYWIxNjA0NGFjZDFmY2Q3OTU4OGFjMGNiZmUxODQyODQzOTcyIiwidGFnIjoiIn0%3D; expires=Sat, 10 May 2025 04:04:54 GMT; Max-Age=7200; path=/; httponly; samesite=lax','2025-05-10 10:05:50','2025-05-10 10:05:50'),(5,3,18,'App\\Models\\Program_Outcome','1','outcome','Live Silver Charts and Silver Spot Price from International Silver Markets, Prices from New York, London, Hong Kong and Sydney provided by Kitco',44,'56.00','ongoing','Tell us your Gold, Silver, Platinum or Palladium target price and we will send you an email or text message as soon as the market reaches your price. Maximize your buy position. Develop your selling strategy.','Buying popular, easy-to-trade metals in case of emergency','none','Metal is not a determining factor for me','2025-05-13 12:42:13','2025-05-13 12:42:13'),(6,3,16,'App\\Models\\Program_Outcome_Output','1.1','output','Live Silver Charts and Silver Spot Price from International Silver Markets, Prices from New York, London, Hong Kong and Sydney provided by Kitco',98,'2.00','ongoing','Tell us your Gold, Silver, Platinum or Palladium target price and we will send you an email or text message as soon as the market reaches your price. Maximize your buy position. Develop your selling strategy.','Providing an inheritance for a family member or child','medium','Create your own Precious Metals portfolio with maximum flexibility to match your financial goals. We make it easy to add all your Precious Metals investments in one convenient place – even if you didn’t purchase from APMEX.','2025-05-13 12:42:13','2025-05-13 12:42:13'),(7,3,33,'App\\Models\\Program_Outcome_Output_Activity','1.1.1','activity','Live Silver Charts and Silver Spot Price from International Silver Markets, Prices from New York, London, Hong Kong and Sydney provided by Kitco',90,'10.00','ongoing','Tell us your Gold, Silver, Platinum or Palladium target price and we will send you an email or text message as soon as the market reaches your price. Maximize your buy position. Develop your selling strategy.','To discover pop culture or unique products','medium','Monitor the current value of your Precious Metals investments against your acquisition cost.','2025-05-13 12:42:13','2025-05-13 12:42:13'),(8,3,19,'App\\Models\\Program_Outcome','2','outcome','Live Silver Charts and Silver Spot Price from International Silver Markets, Prices from New York, London, Hong Kong and Sydney provided by Kitco',4,'96.00','to_be_conducted','Tell us your Gold, Silver, Platinum or Palladium target price and we will send you an email or text message as soon as the market reaches your price. Maximize your buy position. Develop your selling strategy.','Looking for Numismatic items with historical value','medium','Other products (currency, rare coins, etc.)','2025-05-13 12:42:13','2025-05-13 12:42:13'),(9,4,1,'App\\Models\\ProgramGoal','1','goal','bagus',15,'85.00','ongoing',NULL,NULL,'high',NULL,'2025-05-30 12:47:06','2025-05-30 12:47:06'),(10,4,1,'App\\Models\\ProgramObjektif','1','objektif',NULL,25,'75.00','unset',NULL,NULL,NULL,NULL,'2025-05-30 12:47:06','2025-05-30 12:47:06'),(11,4,1,'App\\Models\\ProgramObjektif','2','objektif',NULL,NULL,NULL,'unset',NULL,NULL,NULL,NULL,'2025-05-30 12:47:06','2025-05-30 12:47:06'),(12,4,1,'App\\Models\\ProgramObjektif','3','objektif',NULL,NULL,NULL,'unset',NULL,NULL,NULL,NULL,'2025-05-30 12:47:06','2025-05-30 12:47:06'),(13,4,1,'App\\Models\\ProgramObjektif','4','objektif',NULL,NULL,NULL,'unset',NULL,NULL,NULL,NULL,'2025-05-30 12:47:06','2025-05-30 12:47:06'),(14,4,1,'App\\Models\\ProgramObjektif','5','objektif',NULL,NULL,NULL,'unset',NULL,NULL,NULL,NULL,'2025-05-30 12:47:06','2025-05-30 12:47:06'),(15,4,4,'App\\Models\\Program_Outcome','1','outcome',NULL,NULL,NULL,'unset',NULL,NULL,NULL,NULL,'2025-05-30 12:47:06','2025-05-30 12:47:06'),(16,4,14,'App\\Models\\Program_Outcome_Output','1.1','output',NULL,NULL,NULL,'unset',NULL,NULL,NULL,NULL,'2025-05-30 12:47:06','2025-05-30 12:47:06'),(17,4,14,'App\\Models\\Program_Outcome_Output','1.1','output',NULL,NULL,NULL,'unset',NULL,NULL,NULL,NULL,'2025-05-30 12:47:06','2025-05-30 12:47:06'),(18,4,31,'App\\Models\\Program_Outcome_Output_Activity','1.1.1','activity',NULL,NULL,NULL,'unset',NULL,NULL,NULL,NULL,'2025-05-30 12:47:06','2025-05-30 12:47:06'),(19,4,31,'App\\Models\\Program_Outcome_Output_Activity','1.1.1','activity',NULL,NULL,NULL,'unset',NULL,NULL,NULL,NULL,'2025-05-30 12:47:06','2025-05-30 12:47:06'),(20,4,5,'App\\Models\\Program_Outcome','2','outcome',NULL,NULL,NULL,'unset',NULL,NULL,NULL,NULL,'2025-05-30 12:47:06','2025-05-30 12:47:06'),(21,4,4,'App\\Models\\Program_Outcome_Output','2.1','output',NULL,NULL,NULL,'unset',NULL,NULL,NULL,NULL,'2025-05-30 12:47:06','2025-05-30 12:47:06'),(22,4,6,'App\\Models\\Program_Outcome_Output_Activity','2.1.1','activity',NULL,NULL,NULL,'unset',NULL,NULL,NULL,NULL,'2025-05-30 12:47:06','2025-05-30 12:47:06'),(23,4,6,'App\\Models\\Program_Outcome_Output_Activity','2.1.1','activity',NULL,NULL,NULL,'unset',NULL,NULL,NULL,NULL,'2025-05-30 12:47:06','2025-05-30 12:47:06'),(24,4,16,'App\\Models\\Program_Outcome','3','outcome',NULL,NULL,NULL,'unset',NULL,NULL,NULL,NULL,'2025-05-30 12:47:06','2025-05-30 12:47:06'),(25,4,16,'App\\Models\\Program_Outcome','3','outcome',NULL,NULL,NULL,'unset',NULL,NULL,NULL,NULL,'2025-05-30 12:47:06','2025-05-30 12:47:06'),(26,4,15,'App\\Models\\Program_Outcome_Output','3.1','output',NULL,NULL,NULL,'unset',NULL,NULL,NULL,NULL,'2025-05-30 12:47:06','2025-05-30 12:47:06'),(27,4,15,'App\\Models\\Program_Outcome_Output','3.1','output',NULL,NULL,NULL,'unset',NULL,NULL,NULL,NULL,'2025-05-30 12:47:06','2025-05-30 12:47:06'),(28,4,15,'App\\Models\\Program_Outcome_Output','3.1','output',NULL,NULL,NULL,'unset',NULL,NULL,NULL,NULL,'2025-05-30 12:47:06','2025-05-30 12:47:06'),(29,4,32,'App\\Models\\Program_Outcome_Output_Activity','3.1.1','activity',NULL,NULL,NULL,'unset',NULL,NULL,NULL,NULL,'2025-05-30 12:47:07','2025-05-30 12:47:07'),(30,4,32,'App\\Models\\Program_Outcome_Output_Activity','3.1.1','activity',NULL,NULL,NULL,'unset',NULL,NULL,NULL,NULL,'2025-05-30 12:47:07','2025-05-30 12:47:07'),(31,5,5,'App\\Models\\ProgramGoal','1','goal','test',1,'99.00','unset','test','test','unset','test','2025-06-20 00:21:16','2025-06-20 00:21:16'),(32,5,5,'App\\Models\\ProgramGoal','2','goal',NULL,NULL,NULL,'unset',NULL,NULL,NULL,NULL,'2025-06-20 00:21:16','2025-06-20 00:21:16'),(33,5,5,'App\\Models\\ProgramObjektif','1','objektif',NULL,NULL,NULL,'unset',NULL,NULL,NULL,NULL,'2025-06-20 00:21:16','2025-06-20 00:21:16'),(34,5,5,'App\\Models\\ProgramObjektif','2','objektif',NULL,NULL,NULL,'unset',NULL,NULL,NULL,NULL,'2025-06-20 00:21:16','2025-06-20 00:21:16'),(35,5,20,'App\\Models\\Program_Outcome','1','outcome',NULL,NULL,NULL,'unset',NULL,NULL,NULL,NULL,'2025-06-20 00:21:16','2025-06-20 00:21:16'),(36,5,20,'App\\Models\\Program_Outcome','1','outcome',NULL,NULL,NULL,'unset',NULL,NULL,NULL,NULL,'2025-06-20 00:21:16','2025-06-20 00:21:16'),(37,5,17,'App\\Models\\Program_Outcome_Output','1.1','output',NULL,NULL,NULL,'unset',NULL,NULL,NULL,NULL,'2025-06-20 00:21:16','2025-06-20 00:21:16'),(38,5,17,'App\\Models\\Program_Outcome_Output','1.1','output',NULL,NULL,NULL,'unset',NULL,NULL,NULL,NULL,'2025-06-20 00:21:16','2025-06-20 00:21:16'),(39,5,17,'App\\Models\\Program_Outcome_Output','1.1','output',NULL,NULL,NULL,'unset',NULL,NULL,NULL,NULL,'2025-06-20 00:21:16','2025-06-20 00:21:16'),(40,5,35,'App\\Models\\Program_Outcome_Output_Activity','1.1.1','activity',NULL,NULL,NULL,'unset',NULL,NULL,NULL,NULL,'2025-06-20 00:21:16','2025-06-20 00:21:16'),(41,5,21,'App\\Models\\Program_Outcome','2','outcome',NULL,NULL,NULL,'unset',NULL,NULL,NULL,NULL,'2025-06-20 00:21:16','2025-06-20 00:21:16'),(42,5,21,'App\\Models\\Program_Outcome','2','outcome',NULL,NULL,NULL,'unset',NULL,NULL,NULL,NULL,'2025-06-20 00:21:16','2025-06-20 00:21:16'),(43,5,18,'App\\Models\\Program_Outcome_Output','2.1','output',NULL,NULL,NULL,'unset',NULL,NULL,NULL,NULL,'2025-06-20 00:21:16','2025-06-20 00:21:16'),(44,5,18,'App\\Models\\Program_Outcome_Output','2.1','output',NULL,NULL,NULL,'unset',NULL,NULL,NULL,NULL,'2025-06-20 00:21:16','2025-06-20 00:21:16'),(45,5,36,'App\\Models\\Program_Outcome_Output_Activity','2.1.1','activity',NULL,NULL,NULL,'unset',NULL,NULL,NULL,NULL,'2025-06-20 00:21:16','2025-06-20 00:21:16'),(46,6,5,'App\\Models\\ProgramGoal','1','goal','test',1,'99.00','unset','test','test','unset','test','2025-06-20 00:22:51','2025-06-20 00:22:51'),(47,6,5,'App\\Models\\ProgramGoal','2','goal',NULL,NULL,NULL,'unset',NULL,NULL,NULL,NULL,'2025-06-20 00:22:51','2025-06-20 00:22:51'),(48,6,5,'App\\Models\\ProgramObjektif','1','objektif','uuu',99,'1.00','to_be_conducted','9999','888','medium','8sdisj','2025-06-20 00:22:51','2025-06-20 00:22:51'),(49,6,5,'App\\Models\\ProgramObjektif','2','objektif',NULL,NULL,NULL,'unset',NULL,NULL,NULL,NULL,'2025-06-20 00:22:51','2025-06-20 00:22:51'),(50,6,20,'App\\Models\\Program_Outcome','1','outcome',NULL,NULL,NULL,'unset',NULL,NULL,NULL,NULL,'2025-06-20 00:22:51','2025-06-20 00:22:51'),(51,6,20,'App\\Models\\Program_Outcome','1','outcome',NULL,NULL,NULL,'unset',NULL,NULL,NULL,NULL,'2025-06-20 00:22:51','2025-06-20 00:22:51'),(52,6,17,'App\\Models\\Program_Outcome_Output','1.1','output',NULL,NULL,NULL,'unset',NULL,NULL,NULL,NULL,'2025-06-20 00:22:51','2025-06-20 00:22:51'),(53,6,17,'App\\Models\\Program_Outcome_Output','1.1','output',NULL,NULL,NULL,'unset',NULL,NULL,NULL,NULL,'2025-06-20 00:22:51','2025-06-20 00:22:51'),(54,6,17,'App\\Models\\Program_Outcome_Output','1.1','output',NULL,NULL,NULL,'unset',NULL,NULL,NULL,NULL,'2025-06-20 00:22:51','2025-06-20 00:22:51'),(55,6,35,'App\\Models\\Program_Outcome_Output_Activity','1.1.1','activity',NULL,NULL,NULL,'unset',NULL,NULL,NULL,NULL,'2025-06-20 00:22:51','2025-06-20 00:22:51'),(56,6,21,'App\\Models\\Program_Outcome','2','outcome',NULL,NULL,NULL,'unset',NULL,NULL,NULL,NULL,'2025-06-20 00:22:51','2025-06-20 00:22:51'),(57,6,21,'App\\Models\\Program_Outcome','2','outcome',NULL,NULL,NULL,'unset',NULL,NULL,NULL,NULL,'2025-06-20 00:22:51','2025-06-20 00:22:51'),(58,6,18,'App\\Models\\Program_Outcome_Output','2.1','output',NULL,NULL,NULL,'unset',NULL,NULL,NULL,NULL,'2025-06-20 00:22:51','2025-06-20 00:22:51'),(59,6,18,'App\\Models\\Program_Outcome_Output','2.1','output',NULL,NULL,NULL,'unset',NULL,NULL,NULL,NULL,'2025-06-20 00:22:51','2025-06-20 00:22:51'),(60,6,36,'App\\Models\\Program_Outcome_Output_Activity','2.1.1','activity',NULL,NULL,NULL,'unset',NULL,NULL,NULL,NULL,'2025-06-20 00:22:52','2025-06-20 00:22:52'),(61,7,6,'App\\Models\\ProgramGoal','1','goal','Lorem ipsum dolor sit amet, consectetur adipiscing elit.',60,'40.00','ongoing','Lorem ipsum dolor sit amet, consectetur adipiscing elit.','Lorem ipsum dolor sit amet, consectetur adipiscing elit.','none','Lorem ipsum dolor sit amet, consectetur adipiscing elit.','2025-06-20 18:30:06','2025-06-20 18:30:06'),(62,7,6,'App\\Models\\ProgramObjektif','1','objektif',NULL,NULL,NULL,'unset',NULL,NULL,NULL,NULL,'2025-06-20 18:30:06','2025-06-20 18:30:06'),(63,7,22,'App\\Models\\Program_Outcome','1','outcome',NULL,NULL,NULL,'unset',NULL,NULL,NULL,NULL,'2025-06-20 18:30:06','2025-06-20 18:30:06'),(64,7,19,'App\\Models\\Program_Outcome_Output','1.1','output',NULL,NULL,NULL,'unset',NULL,NULL,NULL,NULL,'2025-06-20 18:30:06','2025-06-20 18:30:06'),(65,7,37,'App\\Models\\Program_Outcome_Output_Activity','1.1.1','activity',NULL,NULL,NULL,'unset',NULL,NULL,NULL,NULL,'2025-06-20 18:30:06','2025-06-20 18:30:06'),(66,8,6,'App\\Models\\ProgramGoal','1','goal','Lorem ipsum dolor sit amet, consectetur adipiscing elit.',60,'40.00','ongoing','Lorem ipsum dolor sit amet, consectetur adipiscing elit.','Lorem ipsum dolor sit amet, consectetur adipiscing elit.','none','Lorem ipsum dolor sit amet, consectetur adipiscing elit.','2025-06-20 18:30:45','2025-06-20 18:30:45'),(67,8,6,'App\\Models\\ProgramObjektif','1','objektif','Lorem ipsum dolor sit amet, consectetur adipiscing elit.',40,'60.00','to_be_conducted','Lorem ipsum dolor sit amet, consectetur adipiscing elit.','Lorem ipsum dolor sit amet, consectetur adipiscing elit.','none','Lorem ipsum dolor sit amet, consectetur adipiscing elit.','2025-06-20 18:30:45','2025-06-20 18:30:45'),(68,8,22,'App\\Models\\Program_Outcome','1','outcome',NULL,NULL,NULL,'unset',NULL,NULL,NULL,NULL,'2025-06-20 18:30:45','2025-06-20 18:30:45'),(69,8,19,'App\\Models\\Program_Outcome_Output','1.1','output',NULL,NULL,NULL,'unset',NULL,NULL,NULL,NULL,'2025-06-20 18:30:45','2025-06-20 18:30:45'),(70,8,37,'App\\Models\\Program_Outcome_Output_Activity','1.1.1','activity',NULL,NULL,NULL,'unset',NULL,NULL,NULL,NULL,'2025-06-20 18:30:45','2025-06-20 18:30:45'),(71,9,7,'App\\Models\\ProgramGoal','1','goal','f',55,'45.00','unset',NULL,NULL,NULL,NULL,'2025-06-30 20:30:53','2025-06-30 20:30:53'),(72,9,7,'App\\Models\\ProgramGoal','2','goal',NULL,NULL,NULL,'unset',NULL,NULL,NULL,NULL,'2025-06-30 20:30:53','2025-06-30 20:30:53'),(73,9,7,'App\\Models\\ProgramGoal','3','goal',NULL,NULL,NULL,'unset',NULL,NULL,NULL,NULL,'2025-06-30 20:30:53','2025-06-30 20:30:53'),(74,9,7,'App\\Models\\ProgramObjektif','1','objektif',NULL,NULL,NULL,'unset',NULL,NULL,NULL,NULL,'2025-06-30 20:30:53','2025-06-30 20:30:53'),(75,9,7,'App\\Models\\ProgramObjektif','2','objektif',NULL,NULL,NULL,'unset',NULL,NULL,NULL,NULL,'2025-06-30 20:30:53','2025-06-30 20:30:53'),(76,9,7,'App\\Models\\ProgramObjektif','3','objektif',NULL,NULL,NULL,'unset',NULL,NULL,NULL,NULL,'2025-06-30 20:30:53','2025-06-30 20:30:53'),(77,9,23,'App\\Models\\Program_Outcome','1','outcome',NULL,NULL,NULL,'unset',NULL,NULL,NULL,NULL,'2025-06-30 20:30:53','2025-06-30 20:30:53'),(78,9,23,'App\\Models\\Program_Outcome','1','outcome',NULL,NULL,NULL,'unset',NULL,NULL,NULL,NULL,'2025-06-30 20:30:53','2025-06-30 20:30:53'),(79,9,23,'App\\Models\\Program_Outcome','1','outcome',NULL,NULL,NULL,'unset',NULL,NULL,NULL,NULL,'2025-06-30 20:30:53','2025-06-30 20:30:53'),(80,9,20,'App\\Models\\Program_Outcome_Output','1.1','output',NULL,NULL,NULL,'unset',NULL,NULL,NULL,NULL,'2025-06-30 20:30:53','2025-06-30 20:30:53'),(81,9,20,'App\\Models\\Program_Outcome_Output','1.1','output',NULL,NULL,NULL,'unset',NULL,NULL,NULL,NULL,'2025-06-30 20:30:53','2025-06-30 20:30:53'),(82,9,20,'App\\Models\\Program_Outcome_Output','1.1','output',NULL,NULL,NULL,'unset',NULL,NULL,NULL,NULL,'2025-06-30 20:30:53','2025-06-30 20:30:53'),(83,9,38,'App\\Models\\Program_Outcome_Output_Activity','1.1.1','activity',NULL,NULL,NULL,'unset',NULL,NULL,NULL,NULL,'2025-06-30 20:30:53','2025-06-30 20:30:53'),(84,9,38,'App\\Models\\Program_Outcome_Output_Activity','1.1.1','activity',NULL,NULL,NULL,'unset',NULL,NULL,NULL,NULL,'2025-06-30 20:30:53','2025-06-30 20:30:53'),(85,9,38,'App\\Models\\Program_Outcome_Output_Activity','1.1.1','activity',NULL,NULL,NULL,'unset',NULL,NULL,NULL,NULL,'2025-06-30 20:30:53','2025-06-30 20:30:53'),(86,9,39,'App\\Models\\Program_Outcome_Output_Activity','1.1.2','activity',NULL,NULL,NULL,'unset',NULL,NULL,NULL,NULL,'2025-06-30 20:30:53','2025-06-30 20:30:53'),(87,9,39,'App\\Models\\Program_Outcome_Output_Activity','1.1.2','activity',NULL,NULL,NULL,'unset',NULL,NULL,NULL,NULL,'2025-06-30 20:30:53','2025-06-30 20:30:53'),(88,9,39,'App\\Models\\Program_Outcome_Output_Activity','1.1.2','activity',NULL,NULL,NULL,'unset',NULL,NULL,NULL,NULL,'2025-06-30 20:30:54','2025-06-30 20:30:54'),(89,9,22,'App\\Models\\Program_Outcome_Output','1.2','output',NULL,NULL,NULL,'unset',NULL,NULL,NULL,NULL,'2025-06-30 20:30:54','2025-06-30 20:30:54'),(90,9,41,'App\\Models\\Program_Outcome_Output_Activity','1.2.1','activity',NULL,NULL,NULL,'unset',NULL,NULL,NULL,NULL,'2025-06-30 20:30:54','2025-06-30 20:30:54'),(91,9,24,'App\\Models\\Program_Outcome','2','outcome',NULL,NULL,NULL,'unset',NULL,NULL,NULL,NULL,'2025-06-30 20:30:54','2025-06-30 20:30:54'),(92,9,24,'App\\Models\\Program_Outcome','2','outcome',NULL,NULL,NULL,'unset',NULL,NULL,NULL,NULL,'2025-06-30 20:30:54','2025-06-30 20:30:54'),(93,9,24,'App\\Models\\Program_Outcome','2','outcome',NULL,NULL,NULL,'unset',NULL,NULL,NULL,NULL,'2025-06-30 20:30:54','2025-06-30 20:30:54'),(94,9,21,'App\\Models\\Program_Outcome_Output','2.1','output',NULL,NULL,NULL,'unset',NULL,NULL,NULL,NULL,'2025-06-30 20:30:54','2025-06-30 20:30:54'),(95,9,21,'App\\Models\\Program_Outcome_Output','2.1','output',NULL,NULL,NULL,'unset',NULL,NULL,NULL,NULL,'2025-06-30 20:30:54','2025-06-30 20:30:54'),(96,9,21,'App\\Models\\Program_Outcome_Output','2.1','output',NULL,NULL,NULL,'unset',NULL,NULL,NULL,NULL,'2025-06-30 20:30:54','2025-06-30 20:30:54'),(97,9,40,'App\\Models\\Program_Outcome_Output_Activity','2.1.1','activity',NULL,NULL,NULL,'unset',NULL,NULL,NULL,NULL,'2025-06-30 20:30:54','2025-06-30 20:30:54'),(98,9,40,'App\\Models\\Program_Outcome_Output_Activity','2.1.1','activity',NULL,NULL,NULL,'unset',NULL,NULL,NULL,NULL,'2025-06-30 20:30:54','2025-06-30 20:30:54'),(99,9,40,'App\\Models\\Program_Outcome_Output_Activity','2.1.1','activity',NULL,NULL,NULL,'unset',NULL,NULL,NULL,NULL,'2025-06-30 20:30:54','2025-06-30 20:30:54'),(100,10,8,'App\\Models\\ProgramGoal','1','goal','Target\r\nTarget\r\nTarget\r\nAchievements\r\nAchievements\r\nAchievements',25,'75.00','to_be_conducted','Challenges\r\nChallenges\r\nChallenges\r\nChallenges','Mitigation / action plan\r\nMitigation / action plan\r\nMitigation / action plan','medium','Additionally, this tool is highly useful for generating data to fill spreadsheets, enabling you to test formulas, pivot tables, and data analysis functions with realistic datasets.','2025-12-24 00:26:45','2025-12-24 00:26:45'),(101,10,8,'App\\Models\\ProgramObjektif','1','objektif','Achievements\r\nAchievements\r\nAchievements',66,'34.00','completed','Practical Examples of Test Data Generation','Our test data generator simplifies the creation of dummy datasets. For example, if you need to test a form that collects user information, generate data that includes first names, last names, email addresses, and phone numbers.','high','Common Pitfalls When Using This Random Data Generator\r\nCommon Pitfalls When Using This Random Data Generator\r\nCommon Pitfalls When Using This Random Data Generator','2025-12-24 00:26:45','2025-12-24 00:26:45'),(102,10,1,'App\\Models\\Program_Outcome','1','outcome','Common Pitfalls When Using This Random Data Generator\r\nCommon Pitfalls When Using This Random Data Generator\r\nCommon Pitfalls When Using This Random Data Generator',96,'4.00','ongoing','Make sure you use plain simple language when describing your data needs. Plus, always review and test the generated datasets in real scenarios to ensure they function as intended. By providing these detailed sections on the landing page, potential users will have a clear understanding of the mock data generator\'s capabilities, usage, and practical applications, enhancing their experience and confidence in the tool.','While our random data generator is highly effective, it’s crucial to verify the data accuracy and relevance to your testing needs. Misconfigurations or overly broad input criteria can lead to data that doesn’t fully meet your requirements.','medium','To export the final output data, simply select the output data and copy it to your clipboard using the Command+C shortcut (or the Windows equivalent).','2025-12-24 00:26:45','2025-12-24 00:26:45'),(103,10,1,'App\\Models\\Program_Outcome_Output','1.1','output',NULL,NULL,NULL,'unset',NULL,NULL,NULL,NULL,'2025-12-24 00:26:45','2025-12-24 00:26:45'),(104,10,1,'App\\Models\\Program_Outcome_Output_Activity','1.1.1','activity',NULL,NULL,NULL,'unset',NULL,NULL,NULL,NULL,'2025-12-24 00:26:45','2025-12-24 00:26:45'),(105,10,2,'App\\Models\\Program_Outcome_Output_Activity','1.1.2','activity',NULL,NULL,NULL,'unset',NULL,NULL,NULL,NULL,'2025-12-24 00:26:45','2025-12-24 00:26:45'),(106,10,34,'App\\Models\\Program_Outcome_Output_Activity','1.1.3','activity',NULL,NULL,NULL,'unset',NULL,NULL,NULL,NULL,'2025-12-24 00:26:46','2025-12-24 00:26:46'),(107,10,34,'App\\Models\\Program_Outcome_Output_Activity','1.1.3','activity',NULL,NULL,NULL,'unset',NULL,NULL,NULL,NULL,'2025-12-24 00:26:46','2025-12-24 00:26:46'),(108,10,3,'App\\Models\\Program_Outcome_Output','1.2','output',NULL,NULL,NULL,'unset',NULL,NULL,NULL,NULL,'2025-12-24 00:26:46','2025-12-24 00:26:46'),(109,10,5,'App\\Models\\Program_Outcome_Output_Activity','1.2.1','activity',NULL,NULL,NULL,'unset',NULL,NULL,NULL,NULL,'2025-12-24 00:26:46','2025-12-24 00:26:46'),(110,10,2,'App\\Models\\Program_Outcome','2','outcome',NULL,NULL,NULL,'unset',NULL,NULL,NULL,NULL,'2025-12-24 00:26:46','2025-12-24 00:26:46'),(111,10,2,'App\\Models\\Program_Outcome_Output','2.1','output',NULL,NULL,NULL,'unset',NULL,NULL,NULL,NULL,'2025-12-24 00:26:46','2025-12-24 00:26:46'),(112,10,3,'App\\Models\\Program_Outcome_Output_Activity','2.1.1','activity',NULL,NULL,NULL,'unset',NULL,NULL,NULL,NULL,'2025-12-24 00:26:46','2025-12-24 00:26:46'),(113,10,4,'App\\Models\\Program_Outcome_Output_Activity','2.1.2','activity',NULL,NULL,NULL,'unset',NULL,NULL,NULL,NULL,'2025-12-24 00:26:46','2025-12-24 00:26:46');

/*Data for the table `trmealsfrm` */

/*Data for the table `trmealspreposttest` */

insert  into `trmealspreposttest`(`id`,`programoutcomeoutputactivity_id`,`user_id`,`trainingname`,`tanggalmulai`,`tanggalselesai`,`created_at`,`updated_at`,`deleted_at`) values (1,3,1,'pelatihan apa kaden','2025-06-18 00:00:00','2025-06-22 00:00:00','2025-06-18 15:55:34','2026-01-28 22:36:15',NULL),(2,35,1,'Lorem Epsum99','2025-06-21 00:00:00','2025-06-21 00:00:00','2025-06-20 00:17:00','2025-06-20 00:18:18',NULL),(3,37,1,'Nyoman','2025-06-20 00:00:00','2025-06-21 00:00:00','2025-06-20 18:28:24','2025-06-20 18:28:24',NULL),(4,38,1,'Merangkai Origami','2025-06-30 00:00:00','2025-07-01 00:00:00','2025-06-30 20:28:12','2025-06-30 20:28:12',NULL);

/*Data for the table `trmealspreposttestpeserta` */

insert  into `trmealspreposttestpeserta`(`id`,`preposttest_id`,`dusun_id`,`nama`,`jeniskelamin`,`notelp`,`prescore`,`filedbytraineepre`,`postscore`,`filedbytraineepost`,`valuechange`,`keterangan`,`created_at`,`updated_at`,`deleted_at`) values (1,1,9,'lukas','laki','085237954200',12,1,0,1,-12,'aa','2025-06-18 15:55:34','2025-06-18 15:55:34',NULL),(2,2,16,'Mr A','laki','0999999999',9,1,9,1,0,'Lorem ipsum dolor sit amet, consectetur adipiscing elit. Sed do eiusmod tempor incididunt ut labore et dolore magna aliqua. Ut enim ad minim veniam, quis nostrud exercitation ullamco laboris nisi ut aliquip ex ea commodo consequat. Duis aute irure dolor in reprehenderit in voluptate velit esse cillum dolore eu fugiat nulla pariatur. Excepteur sint occaecat cupidatat non proident, sunt in culpa qui officia deserunt mollit anim id est laborum.','2025-06-20 00:17:00','2025-06-20 00:17:00',NULL),(3,2,16,'Test','laki','09999',99,1,99,1,0,NULL,'2025-06-20 00:19:28','2025-06-20 00:19:28',NULL),(4,3,16,'Ketut','laki','0988777',90,1,100,1,10,'Lorem ipsum dolor sit amet, consectetur adipiscing elit.','2025-06-20 18:28:24','2025-06-20 18:28:24',NULL),(5,4,16,'Putu Alpa','laki','099999',99,1,99,0,0,'yy','2025-06-30 20:28:12','2025-06-30 20:28:12',NULL);

/*Data for the table `trprogram` */

insert  into `trprogram`(`id`,`nama`,`kode`,`tanggalmulai`,`tanggalselesai`,`totalnilai`,`ekspektasipenerimamanfaat`,`ekspektasipenerimamanfaatwoman`,`ekspektasipenerimamanfaatman`,`ekspektasipenerimamanfaatgirl`,`ekspektasipenerimamanfaatboy`,`ekspektasipenerimamanfaattidaklangsung`,`deskripsiprojek`,`analisamasalah`,`user_id`,`status`,`created_at`,`updated_at`) values (1,'PROGRAM-1','#PR-1','2024-10-31 00:00:00','2024-12-30 00:00:00','100000000000.00',809,111,122,231,222,123,'Mock data is crucial for a variety of development and testing scenarios. Use it to populate databases, simulate API responses, or create realistic test cases for web applications.\r\n\r\nWhether you’re stress-testing a system with large volumes of data or verifying the functionality of specific features under different conditions, random data ensures thorough and efficient testing.','Our test data generator simplifies the creation of dummy datasets. For example, if you need to test a form that collects user information, generate data that includes first names, last names, email addresses, and phone numbers.',1,'submit','2024-10-31 22:27:28','2025-12-24 00:22:52'),(2,'Community-based Food Forest for Climate Justice Model in North Bali (Phase 2)','#PR-2','2023-07-01 00:00:00','2025-06-30 00:00:00','2024.00',137,9,21,0,0,107,'Climate change is a global phenomenon that significantly impacts the environment,\r\neconomy, and society. Agriculture is one of the sectors most affected by climate change, with\r\nthe changing weather patterns, increasing temperatures, and extreme weather events\r\naffecting crop yields, water availability, and livestock production. These impacts\r\ndisproportionately affect smallholder farmers in developing countries, who often lack the\r\nresources and knowledge to adapt to the changing climate.','As a biodiversity hotspot, Indonesia’s vast tropical forests and marine habitats provide many\r\necosystem services, such as clean air and water and flood control. However, Indonesia’s\r\neconomic growth over the past two decades has accelerated urbanization and the expansion\r\nof agricultural land use to serve growing domestic and international commodity markets. This\r\ngrowth has challenged sustainable resource management and made',1,'complete','2024-11-06 03:17:28','2025-09-18 21:40:49'),(3,'DREAMS Project : Disaster Resilience through Education, Adaptation, and Mitigation Strategies','#PR-3-UPDATED','2024-02-01 00:00:00','2024-08-31 00:00:00','2024.00',360,18,42,0,0,300,'This is a 6-month project with the summary of activities as follows:\r\nCapacity building on Disaster Risk Reduction and Climate Adaptation and Mitigation, both in targeted villages and schools, through assessments, training and workshops, the establishment of Community Disaster Management Group (KMPB), and development of disaster risk mapping and anticipatory action plan.\r\nDisaster risk management systems establishment through Table Top Exercises and disaster drills based on the communities’ risk','Climate change has significantly increased the frequency of hydrometeorological disasters in various regions of Indonesia, including the villages of Waimatan and Banyu Biru. The tropical cyclone Seroja and the flash flood in April 2021 resulted in damage to infrastructure, loss of lives, disruption of access to necessities, and the disruption of livelihoods. 26 people have died and 8 other victims have not been found until today, while 29 houses were damaged by the flash flood. The disasters als',1,'running','2024-11-15 11:24:44','2025-12-23 00:37:44'),(4,'PROGRAM 4 - PAKAI TEST INI','#PR-4','2025-12-22 00:00:00','2026-12-22 00:00:00','900000000.00',25,5,5,5,5,5,'This Deskripsi Program','Analisis Masalah Program',1,'submit','2024-12-06 18:20:51','2025-12-22 23:56:54'),(5,'PROGRAM 5 - PAKAI TEST INI ','#PR-5','2024-12-06 00:00:00','2024-12-07 00:00:00','900000000.00',125,25,25,25,25,25,'This is Description of Program','This is Analisis of program',2,'draft','2024-12-06 18:44:09','2024-12-11 23:30:42'),(7,'PROGRAM XX','PR-XX','2025-02-05 00:00:00','2025-02-28 00:00:00','192.00',80,12,12,21,23,12,'Deskripsi','Analisis',1,'draft','2025-02-05 01:55:33','2025-11-07 02:29:14'),(8,'Program Action Test Developers','#01012026','2025-01-02 00:00:00','2026-01-02 00:00:00','1000000000.00',45,9,9,9,9,9,'Lorem ipsum dolor sit amet, consectetur adipiscing elit. Sed do eiusmod tempor incididunt ut labore et dolore magna aliqua. Ut enim ad minim veniam, quis nostrud exercitation ullamco laboris nisi ut aliquip ex ea commodo consequat. Duis aute irure dolor in reprehenderit in voluptate velit esse cillum dolore eu fugiat nulla pariatur. Excepteur sint occaecat cupidatat non proident, sunt in culpa qui officia deserunt mollit anim id est laborum.','Lorem ipsum dolor sit amet, consectetur adipiscing elit. Sed do eiusmod tempor incididunt ut labore et dolore magna aliqua. Ut enim ad minim veniam, quis nostrud exercitation ullamco laboris nisi ut aliquip ex ea commodo consequat. Duis aute irure dolor in reprehenderit in voluptate velit esse cillum dolore eu fugiat nulla pariatur. Excepteur sint occaecat cupidatat non proident, sunt in culpa qui officia deserunt mollit anim id est laborum.',1,'running','2025-06-19 23:16:44','2026-01-02 00:43:25'),(9,'Dummy Program','#PR-20','2025-06-20 00:00:00','2025-06-27 00:00:00','1000000000.00',1000,200,500,100,100,100,'Lorem ipsum dolor sit amet, consectetur adipiscing elit. Sed do eiusmod tempor incididunt ut labore et dolore magna aliqua. Ut enim ad minim veniam, quis nostrud exercitation ullamco laboris nisi ut aliquip ex ea commodo consequat. Duis aute irure dolor in reprehenderit in voluptate velit esse cillum dolore eu fugiat nulla pariatur. Excepteur sint occaecat cupidatat non proident, sunt in culpa qui officia deserunt mollit anim id est laborum.','Lorem ipsum dolor sit amet, consectetur adipiscing elit. Sed do eiusmod tempor incididunt ut labore et dolore magna aliqua. Ut enim ad minim veniam, quis nostrud exercitation ullamco laboris nisi ut aliquip ex ea commodo consequat. Duis aute irure dolor in reprehenderit in voluptate velit esse cillum dolore eu fugiat nulla pariatur. Excepteur sint occaecat cupidatat non proident, sunt in culpa qui officia deserunt mollit anim id est laborum.',1,'draft','2025-06-20 18:14:44','2025-06-20 18:14:44'),(14,'Program XXX','#PR-XXX','2025-06-30 00:00:00','2025-07-05 00:00:00','100000000.00',10,10,10,10,10,10,'Lorem Ipsum is simply dummy text of the printing and typesetting industry.','Lorem Ipsum is simply dummy text of the printing and typesetting industry.',1,'draft','2025-06-30 19:48:23','2025-06-30 19:49:37'),(15,'MU Juara Liga Inggris','#MU VS ARSENAL','2025-08-01 00:00:00','2025-10-31 00:00:00','2999999999.00',73,20,20,11,11,11,'MU Juara Liga Inggris\r\n\r\nManchester United selalu saja dipenuhi masalah setiap memulai musim. Meski diarsiteki Erik Ten Hag yang membuat impresi di musim pertamanya dengan MU, tapi Setan Merah tetap belum meyakinkan.','Dia melihat MU tak punya peluang untuk menyaingi Manchester city dalam perebutan juara. Dia menilai hanya Liverpool dan Arsenal yang bisa mengimbangi Man City musim ini.\r\n\r\n\"Liverpool dan Arsenal menjadi dua pesaing terakhir bagi Manchester City musim ini,\" kata Merson seperti dikutip Sky sport.\r\n\r\nPendapat ini dikatakannya karena melihat MU tak bisa tampil seperti Liverpool dan Arsenal. Dimana dua klub yang disebut terakhir selalu bisa keluar dari tekanan setiap kali tertinggal dari lawan.',1,'draft','2025-08-20 23:45:22','2025-08-20 23:45:22'),(16,'Reds Utd','#123','2025-09-01 00:00:00','2025-10-11 00:00:00','190000000000.00',281,12,12,12,22,223,NULL,NULL,1,'submit','2025-09-08 01:40:47','2025-09-08 01:54:11'),(17,'Play Fantasy Premier League','#FPL','2025-12-01 00:00:00','2026-10-16 00:00:00','9000.00',105,1,1,2,2,99,'With over 11 million players, Fantasy Premier League is the biggest Fantasy Football game in the world. It\'s FREE to play and you can win great prizes!','See which players are missing from every team, with our injury list guide to all 20 clubs and FPL team news\r\n\r\nSee all the players injured for each of the 20 Premier League clubs, with key news for managers in Fantasy Premier League.',1,'draft','2025-09-16 01:50:12','2025-09-16 01:50:41');

/*Data for the table `trprogramgoal` */

insert  into `trprogramgoal`(`id`,`program_id`,`deskripsi`,`indikator`,`target`,`created_at`,`updated_at`) values (1,2,'Deskripsi Goals Program','Indikator Goals Program','Target Goals Program','2024-11-15 11:20:04','2024-11-15 11:20:04'),(2,3,'To enhance community resilience by reducing the risk of disaster in disaster-prone areas of Indonesia','Disaster risks and preparedness measures practiced by the communities in disaster-prone areas of Indonesia','- 2 Community Disaster Management Groups (KMPB) established and started to function\r\n- 2 schools in 2 villages started to implement Disaster-safe Education Unit (SPAB)\r\n- Disaster-related risk communication implemented by 2 Community Disaster Management Groups (KMPB) and teachers from 2 schools\r\n- Community in 2 villages started to implement climate-resilience livelihood','2024-11-15 11:34:07','2024-11-15 11:34:07'),(3,4,'Deskripsi','Indikator','Target','2024-12-06 18:20:51','2024-12-06 18:20:51'),(4,5,'Deskripsi','Deskripsi','Deskripsi','2024-12-06 18:44:10','2024-12-06 18:44:10'),(5,8,'Program X Goals','Program X Indikator','Program X Target','2025-06-19 23:16:44','2025-11-10 01:03:23'),(6,9,'Lorem ipsum dolor sit amet, consectetur adipiscing elit.','-Indikator Goals','-Target Goals','2025-06-20 18:14:44','2025-06-20 18:14:44'),(7,14,'Lorem Ipsum is simply dummy text of the printing and typesetting industry.','-Goals Indikator 1\r\n-Goals Indikator 2\r\n-Goals Indikator 3','-Goals Target 1\r\n-Goals Target 2\r\n-Goals Target 3','2025-06-30 19:48:23','2025-06-30 19:48:23'),(8,1,'Program Goals Deskripsi','Program Goals Indikator','Program Target Indikator','2025-08-20 23:24:33','2025-11-09 23:51:46'),(9,15,'MU Juara Liga Inggris\r\n\r\nManchester United selalu saja dipenuhi masalah setiap memulai musim. Meski diarsiteki Erik Ten Hag yang membuat impresi di musim pertamanya dengan MU, tapi Setan Merah tetap belum meyakinkan.','MU Juara Liga Inggris\r\n\r\nManchester United selalu saja dipenuhi masalah setiap memulai musim. Meski diarsiteki Erik Ten Hag yang membuat impresi di musim pertamanya dengan MU, tapi Setan Merah tetap belum meyakinkan.','MU Juara Liga Inggris\r\n\r\nManchester United selalu saja dipenuhi masalah setiap memulai musim. Meski diarsiteki Erik Ten Hag yang membuat impresi di musim pertamanya dengan MU, tapi Setan Merah tetap belum meyakinkan.','2025-08-20 23:45:22','2025-08-20 23:45:22'),(10,17,'With over 11 million players, Fantasy Premier League is the biggest Fantasy Football game in the world. It\'s FREE to play and you can win great prizes!',NULL,NULL,'2025-09-16 01:50:14','2025-09-16 01:50:14'),(11,7,'A','B','C','2025-11-07 02:29:14','2025-11-07 02:29:14');

/*Data for the table `trprogramkaitansdg` */

insert  into `trprogramkaitansdg`(`id`,`program_id`,`kaitansdg_id`,`created_at`,`updated_at`) values (1,1,1,NULL,NULL),(2,1,5,NULL,NULL),(3,1,4,NULL,NULL),(4,1,3,NULL,NULL),(5,1,6,NULL,NULL),(6,4,2,NULL,NULL),(7,4,3,NULL,NULL),(8,5,2,NULL,NULL),(9,5,3,NULL,NULL),(10,3,2,NULL,NULL),(11,3,3,NULL,NULL),(12,3,5,NULL,NULL),(13,3,6,NULL,NULL),(14,2,6,NULL,NULL),(15,2,2,NULL,NULL),(16,2,3,NULL,NULL),(23,7,4,NULL,NULL),(24,7,3,NULL,NULL),(25,7,2,NULL,NULL),(26,7,6,NULL,NULL),(27,7,7,NULL,NULL),(28,7,5,NULL,NULL),(29,8,3,NULL,NULL),(30,8,4,NULL,NULL),(31,8,6,NULL,NULL),(32,9,2,NULL,NULL),(33,9,3,NULL,NULL),(34,9,4,NULL,NULL),(35,9,5,NULL,NULL),(48,14,2,NULL,NULL),(49,14,3,NULL,NULL),(50,14,4,NULL,NULL),(51,15,4,NULL,NULL),(52,17,5,NULL,NULL),(53,17,3,NULL,NULL),(54,17,2,NULL,NULL);

/*Data for the table `trprogramkelompokmarjinal` */

insert  into `trprogramkelompokmarjinal`(`id`,`program_id`,`kelompokmarjinal_id`,`created_at`,`updated_at`) values (1,1,2,NULL,NULL),(2,1,9,NULL,NULL),(3,1,11,NULL,NULL),(4,4,2,NULL,NULL),(5,4,4,NULL,NULL),(6,5,2,NULL,NULL),(7,5,3,NULL,NULL),(8,3,2,NULL,NULL),(9,2,5,NULL,NULL),(14,7,2,NULL,NULL),(15,7,3,NULL,NULL),(16,8,3,NULL,NULL),(17,8,2,NULL,NULL),(18,8,4,NULL,NULL),(19,8,5,NULL,NULL),(20,9,2,NULL,NULL),(21,9,3,NULL,NULL),(22,9,4,NULL,NULL),(23,9,5,NULL,NULL),(36,14,2,NULL,NULL),(37,14,3,NULL,NULL),(38,14,4,NULL,NULL),(39,14,5,NULL,NULL),(40,14,6,NULL,NULL),(41,15,2,NULL,NULL),(42,17,3,NULL,NULL),(43,17,2,NULL,NULL),(44,17,4,NULL,NULL);

/*Data for the table `trprogramlokasi` */

insert  into `trprogramlokasi`(`id`,`program_id`,`provinsi_id`,`created_at`,`updated_at`) values (1,1,51,NULL,NULL),(2,1,75,NULL,NULL),(4,2,51,NULL,NULL),(5,3,51,NULL,NULL),(6,3,53,NULL,NULL),(7,4,51,NULL,NULL),(8,5,51,NULL,NULL),(9,5,63,NULL,NULL),(10,5,53,NULL,NULL),(11,5,72,NULL,NULL),(12,7,91,NULL,NULL),(13,7,92,NULL,NULL),(14,7,94,NULL,NULL),(15,7,93,NULL,NULL),(16,7,82,NULL,NULL),(17,8,51,NULL,NULL),(18,9,51,NULL,NULL),(31,14,51,NULL,NULL),(32,14,11,NULL,NULL),(33,15,14,NULL,NULL),(34,15,12,NULL,NULL),(35,15,11,NULL,NULL),(36,15,13,NULL,NULL),(37,17,51,NULL,NULL),(38,17,35,NULL,NULL),(39,17,36,NULL,NULL),(40,17,34,NULL,NULL),(41,17,33,NULL,NULL),(42,8,62,NULL,NULL),(43,8,61,NULL,NULL),(44,8,53,NULL,NULL),(45,8,74,NULL,NULL),(46,8,73,NULL,NULL),(47,8,72,NULL,NULL);

/*Data for the table `trprogramobjektif` */

insert  into `trprogramobjektif`(`id`,`program_id`,`deskripsi`,`indikator`,`target`,`created_at`,`updated_at`) values (1,2,'To strengthen the development of a community-based food forest for climate justice campaign through the improvement of water access for the community in Banjar Bukit Sari, Sumberklampok Village, North Bali','- # of families improved their access to water through the irrigation system developed\r\n- # of families directly benefited from the food forest components developed\r\n- # of the community members improved their capacity on food forest development\r\n- % of women\'s participation rate in the program\r\n- # of people reached by the climate justice campaign','- 107 families improved\r\n- 30 families benefited\r\n- 30 community members improved\r\n- 35% of women participation rate\r\n- 1,000,000 people reached by the climate justice campaign','2024-11-15 11:20:04','2025-01-17 15:46:22'),(2,3,'To strengthen community-based Disaster Risk Reduction, including Climate Change Adaptation and Mitigation, through capacity development in disaster-prone areas in Indonesia','Capacity of the communities in 2 disaster-prone villages in Indonesia increased on communitiy-based Disaster Risk Reduction, including Climate Change Adaptation and Mitigation','- Capacity of 60 community representatives increased on community-based Disaster Risk Reduction by 85% on average\r\n- 2 Community Disaster Management Groups (KMPB) established and strengthened\r\n- Capacity of 2 schools increased on Disaster-safe Education Unit (SPAB)\r\n- 2 Community Disaster Management Groups (KMPB) and teachers from 2 schools engaged on disaster-related risk communication\r\n- Capacity of 60 community representatives increased on climate-resilience livelihood','2024-11-15 11:34:07','2024-11-15 11:34:07'),(3,4,'Objectif','Indikator','Target','2024-12-06 18:20:51','2024-12-06 18:20:51'),(4,5,'Deskripsi','Indikator','Target','2024-12-06 18:44:10','2024-12-06 18:44:10'),(5,8,'Lorem ipsum dolor sit amet, consectetur adipiscing elit. Sed do eiusmod tempor incididunt ut labore et dolore magna aliqua. Ut enim ad minim veniam, quis nostrud exercitation ullamco laboris nisi ut aliquip ex ea commodo consequat. Duis aute irure dolor in reprehenderit in voluptate velit esse cillum dolore eu fugiat nulla pariatur. Excepteur sint occaecat cupidatat non proident, sunt in culpa qui officia deserunt mollit anim id est laborum.','-Memperbaiki Gizi\r\n-Women Interaction','-0 stunting\r\n-100% tenaga wanita','2025-06-19 23:16:44','2025-06-19 23:16:44'),(6,9,'Lorem ipsum dolor sit amet, consectetur adipiscing elit.','-Indikator Objectif','-Target Objectif','2025-06-20 18:14:44','2025-06-20 18:14:44'),(7,14,'Lorem Ipsum is simply dummy text of the printing and typesetting industry.','Objectif Indikator 1\r\nObjectif Indikator 2\r\nObjectif Indikator 3','Objectif Target 1\r\nObjectif Target 2\r\nObjectif Target 3','2025-06-30 19:48:23','2025-06-30 19:48:23'),(8,1,'Sebuah deskripsi program','Sebuah Indikator program','Sebuah Target program','2025-08-20 23:24:48','2025-12-24 00:22:37'),(9,15,'MU Juara Liga Inggris\r\n\r\nManchester United selalu saja dipenuhi masalah setiap memulai musim. Meski diarsiteki Erik Ten Hag yang membuat impresi di musim pertamanya dengan MU, tapi Setan Merah tetap belum meyakinkan.','MU Juara Liga Inggris\r\n\r\nManchester United selalu saja dipenuhi masalah setiap memulai musim. Meski diarsiteki Erik Ten Hag yang membuat impresi di musim pertamanya dengan MU, tapi Setan Merah tetap belum meyakinkan.','MU Juara Liga Inggris\r\n\r\nManchester United selalu saja dipenuhi masalah setiap memulai musim. Meski diarsiteki Erik Ten Hag yang membuat impresi di musim pertamanya dengan MU, tapi Setan Merah tetap belum meyakinkan.','2025-08-20 23:45:22','2025-08-20 23:45:22'),(10,17,'With over 11 million players, Fantasy Premier League is the biggest Fantasy Football game in the world. It\'s FREE to play and you can win great prizes!','With over 11 million players, Fantasy Premier League is the biggest Fantasy Football game in the world. It\'s FREE to play and you can win great prizes!','With over 11 million players, Fantasy Premier League is the biggest Fantasy Football game in the world. It\'s FREE to play and you can win great prizes!','2025-09-16 01:50:14','2025-09-16 01:50:14'),(11,7,'A2','B2','C2','2025-11-07 02:29:14','2025-11-07 02:29:14');

/*Data for the table `trprogramoutcome` */

insert  into `trprogramoutcome`(`id`,`program_id`,`indikator`,`target`,`created_at`,`updated_at`,`deskripsi`) values (1,1,'Jelaskan Indikator-1 Program PR-1','Jelaskan Target-1 Program PR-1','2024-10-31 22:27:28','2024-10-31 22:27:28','Jelaskan Outcome-1 Program PR-1'),(2,1,'Jelaskan Indikator-2 Program PR-1','Jelaskan Target-2 Program PR-1','2024-10-31 22:27:28','2024-10-31 22:27:28','Jelaskan Outcome-2 Program PR-1'),(4,2,'# of families benefited from the Subak-based water irrigation system','107 families','2024-11-15 11:20:04','2025-01-17 15:46:22','Community in Banjar Bukit Sari participated in and benefited from the development of Subak-based water irrigation system'),(5,2,'# of food forest components developed','3 komponen','2024-11-15 11:20:04','2025-01-17 15:46:22','Permaculture-based food forest components developed in collaboration with the community with the support from the water irrigation system'),(6,3,'# of villages in Bali and East Nusa Tenggara (NTT)','- 2 villages: 1 village in Jembrana (Bali) and 1 village in Lembata (NTT)\r\n- 90% of beneficiaries','2024-11-15 11:34:07','2025-01-17 19:26:42','Communities\' capacity in targeted locations increased on effective community-based Disaster Risk Reduction, including Climate Change Adaptation and Mitigation'),(7,3,'- # of Table Top Exercise conducted\r\n- # of disaster drill conducted\r\n- # of relevant stakeholder connected with the community','- 2 Table Top Exercise (1 in Jembrana, 1 in Lembata)\r\n- 2 disaster drills ((1 in Jembrana, 1 in Lembata)\r\n- at least 3 institutions/organizations in each area','2024-11-15 11:34:07','2025-01-17 14:34:13','Disaster risk management system within the community established and connected to disaster-relevant stakeholders'),(8,3,'% of beneficiaries whose their capacity increased','90% of beneficiaries','2024-11-15 11:34:07','2025-01-17 14:34:13','Community\'s capacity increased on climate-resilience livelihood'),(9,5,'4','4','2024-11-15 11:34:07','2024-12-11 23:36:32','Disaster risk communication developed by and disseminated to the communities and schools'),(10,4,'5','5','2024-11-15 11:34:07','2024-12-11 23:36:32','Monitoring, Evaluation, Accountability, and Learning (MEAL) of the program impacts'),(11,4,'Indikator-Outcome 1','Target-Outcome 1','2024-12-06 18:20:51','2024-12-06 18:20:51','Outcome 1'),(12,5,'Indicator','Target','2024-12-06 18:44:10','2024-12-06 18:44:10','Outcome 1'),(14,3,'- # of village reached by IEC materials\r\n- # of school reached by IEC materials','- 2 villages (1 in Jembrana, 1 in Lembata)\r\n- 2 schools (1 in Jembrana, 1 in Lembata)','2025-01-17 14:34:13','2025-01-17 14:34:13','Disaster risk communication developed by and disseminated to the communities and schools'),(15,3,'# of MEAL reports produced','2 reports','2025-01-17 14:34:13','2025-01-17 14:34:13','Program achievements and impact measured'),(16,2,'- # of reports developed\r\n- # of program documentary video produced','- 2 reports of program impact and achievement\r\n- 1 documentary video','2025-01-17 15:52:23','2025-01-17 15:52:23','Program achievements documented and its impact measured'),(17,3,'% of beneficiaries whose their capacity increased','- 2 villages: 1 village in Jembrana (Bali) and 1 village in Lembata (NTT)\r\n- 90% of beneficiaries','2025-01-17 19:26:42','2025-01-17 19:26:42','Communities\' capacity in targeted locations increased on effective community-based Disaster Risk Reduction, including Climate Change Adaptation and Mitigation'),(18,7,'2','Silver Price Alert','2025-02-05 01:55:33','2025-05-13 12:38:21','1'),(19,7,'b','Gold Price Alert','2025-02-05 01:55:33','2025-05-13 12:38:21','a'),(20,8,'-0 stunting\r\n-100% tenaga wanita','-0 stunting\r\n-100% tenaga wanita','2025-06-19 23:16:44','2025-06-19 23:16:44','-0 stunting\r\n-100% tenaga wanita'),(21,8,'-0 stunting\r\n-100% tenaga wanita','-0 stunting\r\n-100% tenaga wanita','2025-06-19 23:16:44','2025-06-19 23:16:44','-0 stunting\r\n-100% tenaga wanita'),(22,9,'-Indikator Outcome','-Target Outcome','2025-06-20 18:14:44','2025-06-20 18:14:44','Lorem ipsum dolor sit amet, consectetur adipiscing elit.'),(23,14,'Outcome Indikator 1.1\r\nOutcome Indikator 1.2\r\nOutcome Indikator 1.3','Outcome Target 1.1\r\nOutcome Target 1.2\r\nOutcome Target 1.3','2025-06-30 19:48:23','2025-06-30 19:48:23','Lorem Ipsum is simply dummy text of the printing and typesetting industry.'),(24,14,'Outcome Indikator 2.1\r\nOutcome Indikator 2.2\r\nOutcome Indikator 2.3','Outcome Target 2.1\r\nOutcome Target 2.2\r\nOutcome Target 2.3','2025-06-30 19:48:23','2025-06-30 19:48:23','Lorem Ipsum is simply dummy text of the printing and typesetting industry.'),(25,15,'MU \r\nJuara \r\nLiga \r\nInggris','MU \r\nJuara \r\nLiga \r\nInggris','2025-08-20 23:45:22','2025-08-20 23:45:22','MU Juara Liga Inggris'),(26,17,'With over 11 million players, Fantasy Premier League is the biggest Fantasy Football game in the world. It\'s FREE to play and you can win great prizes!','With over 11 million players, Fantasy Premier League is the biggest Fantasy Football game in the world. It\'s FREE to play and you can win great prizes!','2025-09-16 01:50:13','2025-09-16 01:50:13','With over 11 million players, Fantasy Premier League is the biggest Fantasy Football game in the world. It\'s FREE to play and you can win great prizes!');

/*Data for the table `trprogramoutcomeoutput` */

insert  into `trprogramoutcomeoutput`(`id`,`programoutcome_id`,`indikator`,`target`,`created_at`,`updated_at`,`deskripsi`) values (1,1,'Indikator ManUtd Output','Target ManUtd','2024-11-05 10:44:05','2025-09-19 03:46:28','ManUtd Output'),(2,2,'Indikator Output #1 di Outcome #2 dg Program #1','Target Output #1 di Outcome #2 dg Program #1','2024-11-05 15:17:20','2024-11-05 15:17:20','Deskripsi  Output #1 di Outcome #2 dg Program #1'),(3,1,'Indikator','Target','2024-11-05 19:56:56','2024-11-05 19:56:56','Deskripsi'),(4,5,'# of people trained (35% women)','30 people (9 women)','2024-11-15 11:23:11','2025-01-17 15:50:34','30 selected community members trained on the development of food forest'),(5,6,'% of community and relevant stakeholders\' acknowledge the program','at least 80% from the total reached','2024-11-15 11:54:32','2025-01-17 14:42:50','Program information introduced to and acknowledged by the community and relevant stakeholders'),(6,6,'Beneficiaries selected, disaggregated by gender and age (at least 30% women, 30% youth)','60 people:\n- 30 in Jembrana, 30 in Lembata\n- 18 women and 18 youth in Jembrana and Lembata','2024-11-15 11:55:11','2024-11-15 11:55:21','Community-based Disaster Risk Reduction Training conducted, including Climate Change Adaption and Mitigation, and Community Disaster Management Group (KMPB) established in targeted communities in villages'),(7,6,'asas\na\nsa\nsa\ns\na\nsa\ns\nas\na\ns\na\nsa\ns\na\nsa\ns\na\ns\nas\na\ns\nas\na\nsa\ns\na\ns\nas\na\nsas\na\ns\nasas\na\ns','aasad\nas\nas\nas\na\nsa\nsa\ns\nas\na\nsa\nsa\ns\nas\na\nsas\na\nsa\ns\nas\nas\na\nsa\ns\nasas\na\nsa\nsa','2024-11-15 12:13:11','2024-11-15 12:13:11','asa'),(8,11,'1.1','1.1','2024-12-06 18:23:14','2024-12-10 18:17:07','1.1'),(9,12,'Indikator 1.1','Output 1.1','2024-12-06 18:47:50','2024-12-10 18:16:04','Deskripsi 1.1'),(10,7,'- # of scenario for Table Top Exercise developed\n- # of scenario for disaster drills developed','- 2 scenario for Table Top Exercise (1 in Jembrana, 1 in Lembata)\n- 2 scenario for disaster drills (1 in Jembrana, 1 in Lembata)','2025-01-17 14:48:38','2025-01-17 14:48:38','Table Top Exercise and disaster drills scenario for emergency response developed based on the communities\' disaster risk priority'),(11,8,'# assessment activities conducted','2 activities','2025-01-17 15:07:18','2025-01-17 15:07:18','Potential climate-resilience livelihood identified'),(12,14,'# of IEC materials package developed by the community\n# of IEC materials package developed by the schools','- 2 packages for villages (1 in Jembrana, 1 in Lembata)\n- 2 packages for schools (1 in Jembrana, 1 in Lembata)','2025-01-17 15:12:16','2025-01-17 15:12:16','Information, education, and communication (IEC) materials on Disaster Risk Reduction developed by the communities and schools'),(13,15,'- # of activities conducted\n- # of MEAL reports produced','- 4 activities (2 in Jembrana, 2 in Lembata)\n- 2 reports','2025-01-17 15:13:54','2025-01-17 15:13:54','Monitoring, Evaluation, Accountability, and Learning (MEAL) of the program achievements and impacts conducted and measured'),(14,4,'# of program design developed with community and relevant stakeholders\n# of local entity participated in program development','- 1 program design\n- 3 entities','2025-01-17 15:48:45','2025-01-17 15:48:45','Program design developed in collaboration with the community and relevant stakeholders'),(15,16,'- # of MEAL reports developed\n- # of final report developed\n- # of program documentary video produced\"','- 1 MEAL report\n- 1 final report\n- 1 documentary video','2025-01-17 15:53:57','2025-01-17 15:53:57','Monitoring, Evaluation, Accountability, and Learning (MEAL) of the program impacts conducted and measured'),(16,18,'Up or Down','Silver Price Data Accourate','2025-05-13 12:39:40','2025-05-13 12:39:40','Live Silver Charts and Silver Spot Price from International Silver Markets, Prices from New York, London, Hong Kong and Sydney provided by Kitco'),(17,20,'-1\n-2\n-3','-11\n-22\n-33','2025-06-19 23:23:09','2025-06-19 23:23:09','Lorem ipsum dolor sit amet, consectetur adipiscing elit. Sed do eiusmod tempor incididunt ut labore et dolore magna aliqua. Ut enim ad minim veniam, quis nostrud exercitation ullamco laboris nisi ut aliquip ex ea commodo consequat. Duis aute irure dolor in reprehenderit in voluptate velit esse cillum dolore eu fugiat nulla pariatur. Excepteur sint occaecat cupidatat non proident, sunt in culpa qui officia deserunt mollit anim id est laborum.'),(18,21,'-1\n-2','-4\n-5','2025-06-19 23:24:31','2025-06-19 23:24:31','Lorem ipsum dolor sit amet, consectetur adipiscing elit. Sed do eiusmod tempor incididunt ut labore et dolore magna aliqua. Ut enim ad minim veniam, quis nostrud exercitation ullamco laboris nisi ut aliquip ex ea commodo consequat. Duis aute irure dolor in reprehenderit in voluptate velit esse cillum dolore eu fugiat nulla pariatur. Excepteur sint occaecat cupidatat non proident, sunt in culpa qui officia deserunt mollit anim id est laborum.'),(19,22,'-Indikator Output','-Target Output','2025-06-20 18:16:09','2025-06-20 18:16:09','Lorem ipsum dolor sit amet, consectetur adipiscing elit.'),(20,23,'Output 1 Indikator 1\nOutput 1 Indikator 2\nOutput 1 Indikator 3','Output 1 Target 1\nOutput 1 Target 2\nOutput 1 Target 3','2025-06-30 19:54:00','2025-06-30 19:54:00','Output 1 Desc'),(21,24,'Output 2 Indikator 1\nOutput 2 Indikator 2\nOutput 2 Indikator 3','Output 2 Target 1\nOutput 2 Target 2\nOutput 2 Target 3','2025-06-30 19:56:14','2025-06-30 19:56:14','Desc Output 2'),(22,23,'Y','Y','2025-06-30 19:56:56','2025-06-30 19:56:56','OUTPUT 2');

/*Data for the table `trprogramoutcomeoutputactivity` */

insert  into `trprogramoutcomeoutputactivity`(`id`,`kode`,`nama`,`programoutcomeoutput_id`,`deskripsi`,`indikator`,`target`,`created_at`,`updated_at`) values (1,'#11.11','ManUtd U-18',1,'ManUtd U-18','ABC','ManUtd U-18','2024-11-05 10:44:05','2025-09-19 03:46:28'),(2,'#11.12','Welcome To Manchester United',1,'The official Manchester United website with news, fixtures, videos, tickets, live match coverage, match highlights, player profiles, transfers, shop and more','Bruno Fernandes and Bryan Mbeumo will play as the free-flowing attacking midfielders for the home team in the opponent’s half. Both of them would have to carry most of the offensive workload for Man United this weekend.','Amad Diallo and Manuel Ugarte will be named on the bench and might come on to influence the game in the second half if required.','2024-11-05 10:44:05','2025-09-19 03:42:06'),(3,'#11.12','nama-#11.12',2,'Deskripsi  Kegiatan #1 dari Output #1 di Outcome #2 dg Program #1','Indikator Kegiatan #1 dari Output #1 di Outcome #2 dg Program #1','Target Kegiatan dari #1  Output #1 di Outcome #2 dg Program #1','2024-11-05 15:17:20','2024-11-05 15:17:20'),(4,'#11.12','nama-#11.12',2,'Deskripsi  Kegiatan #2 dari Output #1 di Outcome #2 dg Program #1','Indikator Kegiatan #2 dari Output #1 di Outcome #2 dg Program #1','Target Kegiatan #2 dari Output #1 di Outcome #2 dg Program #1','2024-11-05 15:17:20','2024-11-05 15:17:20'),(5,'#11.12','nama-#11.12',3,'deskripsi','indikator','target','2024-11-05 19:56:56','2024-11-05 19:56:56'),(6,'2.1.1','Asesmen dan seleksi partisipan',4,'Conduct assessment and selection process for training participants','- # of assessment activities conducted\n- # of training participants selected (35% women)','- 2 activities\n- 30 people (9 women)','2024-11-15 11:23:11','2025-01-17 15:50:34'),(9,'1.1.1','Asesmen',5,'Conduct assessment in targeted villages, including targeted schools and potential climate-resilience livelihood, and beneficiary selection in collaboration with village stakeholders','- # of villages assessed\n- # of schools assessed\n- # of beneficiaries selected, disaggregated by gender and age (at least 30% women, 30% youth)','- 2 villages\n- 2 schools (1 in Jembrana, 1 Lembata)\n- 60 people:\n   *30 in Jembrana, 30 in Lembata\n   *18 women and 18 youth in Jembrana and Lembata','2024-11-15 11:54:32','2025-01-17 14:38:10'),(10,'#kode','#activity-name',8,'Organize program introduction to the communities and stakeholders at village level','# of meetings organized','\"2 meetings \n(1 in Jembrana, 1 in Lembata)\"','2024-11-15 11:54:32','2024-11-15 11:54:32'),(23,'#kode-2','#activity-name',8,'1.1.1','1.1.1','1.1.1','2024-12-06 18:23:14','2024-12-10 18:17:07'),(24,'#kode-3','#activity-name',9,'Deskripsi Kegiatan	1.1.1','Indikator Kegiatan	1.1.1','Target Kegiatan 1.1.1','2024-12-06 18:47:50','2024-12-10 18:16:04'),(25,'#kode-4','#activity-name',9,'Deskripsi Kegiatan	1.1.2','Indikator Kegiatan	1.1.2','Target Kegiatan 1.1.3','2024-12-10 18:16:04','2024-12-10 18:16:04'),(26,NULL,NULL,5,NULL,NULL,NULL,'2025-01-17 14:20:45','2025-01-17 14:20:45'),(27,'2.1.1','Table Top Exercise and disaster drill development',10,'Develop Table Top Exercise and disaster drills scenario for emergency response based on the communities\' disaster risk priority','- # of meetings conducted\n- # of scenario for Table Top Exercise developed\n- # of scenario for disaster drills developed',NULL,'2025-01-17 14:48:38','2025-01-17 14:48:38'),(28,'3.1.1','Asesemen',11,'Conduct assessment to identify potential climate-resilience livelihood, including but not limited climate-smart agriculture and post-harvest production, in targeted villages','# of villages assessed','2 villages (1 in Jembrana, 1 Lembata)','2025-01-17 15:08:32','2025-01-17 15:08:32'),(29,'4.1.1','Workshop pengembangan materi KIE',12,'Conduct 1-day workshop to develop disaster-related IEC materials, including climate adaptation and mitigation, with Community Disaster Management Group (KMPB) and school teachers','- # of workshops conducted\n- # people participate\n- # of IEC materials package developed','- 2 workshops (1 in Jembrana, 1 in Lembata)\n- 60 people (30 in Jembrana, 30 in Lembata)\n- 2 packages (1 in Jembrana, 1 in Lembata)','2025-01-17 15:12:16','2025-01-17 15:12:16'),(30,'X.1.1','MEAL',13,'Conduct 2-time MEAL process in targeted locations','- # of activities conducted\n- # of people participated','- 4 activities (2 in Jembrana, 2 in Lembata)\n- 120 people','2025-01-17 15:13:54','2025-01-17 15:13:54'),(31,'1.1.1','Program design development',14,'Program design developed in collaboration with the community and relevant stakeholders','- # of meeting conducted\n- # of community representatives and relevant stakeholders participated','- 5 meeting\n- 15 participants','2025-01-17 15:48:45','2025-01-17 15:48:45'),(32,'X.1.1','MEAL',15,'Conduct MEAL process on program implementation','- # of MEAL activities conducted\n- # of MEAL reports developed','- 2 MEAL activities\n- 1 MEAL report','2025-01-17 15:53:57','2025-01-17 15:53:57'),(33,'#SilverPrice','Silver Monitoring',16,'Live Silver Charts and Silver Spot Price from International Silver Markets, Prices from New York, London, Hong Kong and Sydney provided by Kitco','Got The Right Time to buy & Sell','Best Profit','2025-05-13 12:39:40','2025-05-13 12:39:40'),(34,'$2025-05-23','Kegiatan $2025 Menjadi dan Memberi',1,'Mengupdate Output , tambah kegiatan','Menjadi dan Memberi','Menjadi Panutan dalam bercocok tanam\nMemberi bantuan pelatihan','2025-05-23 16:19:30','2025-05-23 16:19:30'),(35,'#KK-X','Kegiatan X',17,'Lorem ipsum dolor sit amet, consectetur adipiscing elit. Sed do eiusmod tempor incididunt ut labore et dolore magna aliqua. Ut enim ad minim veniam, quis nostrud exercitation ullamco laboris nisi ut aliquip ex ea commodo consequat. Duis aute irure dolor in reprehenderit in voluptate velit esse cillum dolore eu fugiat nulla pariatur. Excepteur sint occaecat cupidatat non proident, sunt in culpa qui officia deserunt mollit anim id est laborum.','XXX','XXX','2025-06-19 23:23:09','2025-06-19 23:23:09'),(36,'KK','ASDA',18,'Lorem ipsum dolor sit amet, consectetur adipiscing elit. Sed do eiusmod tempor incididunt ut labore et dolore magna aliqua. Ut enim ad minim veniam, quis nostrud exercitation ullamco laboris nisi ut aliquip ex ea commodo consequat. Duis aute irure dolor in reprehenderit in voluptate velit esse cillum dolore eu fugiat nulla pariatur. Excepteur sint occaecat cupidatat non proident, sunt in culpa qui officia deserunt mollit anim id est laborum.','Lorem ipsum dolor sit amet, consectetur adipiscing elit. Sed do eiusmod tempor incididunt ut labore et dolore magna aliqua. Ut enim ad minim veniam, quis nostrud exercitation ullamco laboris nisi ut aliquip ex ea commodo consequat. Duis aute irure dolor in reprehenderit in voluptate velit esse cillum dolore eu fugiat nulla pariatur. Excepteur sint occaecat cupidatat non proident, sunt in culpa qui officia deserunt mollit anim id est laborum.','Lorem ipsum dolor sit amet, consectetur adipiscing elit. Sed do eiusmod tempor incididunt ut labore et dolore magna aliqua. Ut enim ad minim veniam, quis nostrud exercitation ullamco laboris nisi ut aliquip ex ea commodo consequat. Duis aute irure dolor in reprehenderit in voluptate velit esse cillum dolore eu fugiat nulla pariatur. Excepteur sint occaecat cupidatat non proident, sunt in culpa qui officia deserunt mollit anim id est laborum.','2025-06-19 23:24:31','2025-06-19 23:24:31'),(37,'#KG-01','Menanam Pohon',19,'Lorem ipsum dolor sit amet, consectetur adipiscing elit.','- Indikator Kegiatan','- Target Kegiatan','2025-06-20 18:16:09','2025-06-20 18:16:09'),(38,'#KG-001','Nama Kegiatan 1',20,'Description Kegiatan 1','Indikator Kegiatan 1.1\nIndikator Kegiatan 1.2\nIndikator Kegiatan 1.3','Target Kegiatan 1.1\nTarget Kegiatan 1.2\nTarget Kegiatan 1.3','2025-06-30 19:54:00','2025-06-30 19:54:00'),(39,'#KG-002','Nama Kegiatan 2',20,'Description Kegiatan 2','Indikator Kegiatan 2.1\nIndikator Kegiatan 2.2\nIndikator Kegiatan 2.3','Target Kegiatan 2.1\nTarget Kegiatan 2.2\nTarget Kegiatan 2.3','2025-06-30 19:54:00','2025-06-30 19:54:00'),(40,'#KG-201','NAMA 002',21,'DESC 002','Indikator 2.1\nIndikator 2.2\nIndikator 2.3','Target 2.1 \nTarget 2.2 \nTarget 2.3','2025-06-30 19:56:14','2025-06-30 19:56:14'),(41,'Y','Y',22,'Y','Y','Y','2025-06-30 19:56:56','2025-06-30 19:56:56');

/*Data for the table `trprogrampartner` */

insert  into `trprogrampartner`(`id`,`program_id`,`partner_id`,`email`,`phone`,`created_at`,`updated_at`) values (1,3,2,NULL,NULL,NULL,NULL),(2,7,1,NULL,NULL,NULL,NULL),(3,7,13,NULL,NULL,NULL,NULL),(4,8,1,NULL,NULL,NULL,NULL),(5,8,2,NULL,NULL,NULL,NULL),(6,9,1,NULL,NULL,NULL,NULL),(7,9,2,NULL,NULL,NULL,NULL),(8,9,3,NULL,NULL,NULL,NULL),(9,9,4,NULL,NULL,NULL,NULL),(30,14,2,NULL,NULL,NULL,NULL),(31,14,1,NULL,NULL,NULL,NULL),(32,14,4,NULL,NULL,NULL,NULL),(33,14,3,NULL,NULL,NULL,NULL),(35,1,1,NULL,NULL,NULL,NULL),(36,17,1,NULL,NULL,NULL,NULL),(37,17,2,NULL,NULL,NULL,NULL),(38,17,3,NULL,NULL,NULL,NULL),(40,2,1,NULL,NULL,NULL,NULL),(41,2,4,NULL,NULL,NULL,NULL),(42,2,11,NULL,NULL,NULL,NULL),(43,1,4,NULL,NULL,NULL,NULL),(44,1,3,NULL,NULL,NULL,NULL),(45,7,10,NULL,NULL,NULL,NULL),(46,7,8,NULL,NULL,NULL,NULL),(47,7,8,NULL,NULL,NULL,NULL),(48,8,4,NULL,NULL,NULL,NULL),(49,8,3,NULL,NULL,NULL,NULL),(50,8,28,NULL,NULL,NULL,NULL),(51,8,27,NULL,NULL,NULL,NULL),(52,8,15,NULL,NULL,NULL,NULL);

/*Data for the table `trprogrampendonor` */

insert  into `trprogrampendonor`(`id`,`program_id`,`pendonor_id`,`nilaidonasi`,`created_at`,`updated_at`) values (1,1,1,'9999.00','2025-12-18 20:59:56','2025-12-24 00:22:52'),(2,2,2,'570530400.00','2025-10-01 21:00:05',NULL),(4,4,3,'1000000.00','2024-01-01 21:00:37','2025-12-22 23:56:54'),(5,5,2,'100000000.00','2025-08-01 21:00:08',NULL),(6,4,5,'1233.00','2024-07-29 21:01:17','2025-12-22 23:56:54'),(7,4,10,'9000000.00','2025-02-27 21:01:50','2025-12-22 23:56:54'),(8,4,8,'8999999.00','2025-01-26 21:01:45','2025-12-22 23:56:54'),(9,3,2,'776350000.00','2025-11-01 21:00:14','2025-12-23 00:37:44'),(10,7,2,'52000000000.00','2025-02-26 21:00:20',NULL),(11,8,10,'6000000.00','2025-10-01 21:02:08','2026-01-02 00:43:25'),(12,9,5,'900000000.00','2024-11-02 21:01:17',NULL),(13,14,3,'10000000.00','2025-06-20 21:00:49',NULL),(14,14,4,'1000000000.00','2024-12-13 21:00:57',NULL),(16,15,2,'233333333.00','2024-06-12 21:00:31',NULL),(17,1,5,'8999999.00','2025-12-20 21:01:43','2025-12-24 00:22:52'),(18,17,1,'8995647.00','2025-10-01 20:59:59',NULL),(19,17,4,'6758588.00','2025-12-18 21:01:10',NULL),(20,7,10,'2754765.00','2025-12-24 21:02:16',NULL),(21,17,10,'4754765.00','2025-11-26 21:02:16',NULL),(22,2,10,'4754765.00','2025-11-26 21:02:16',NULL),(23,1,10,'998877.00','2025-12-22 23:45:58','2025-12-24 00:22:52'),(24,8,4,'8000000.00','2026-01-02 00:13:53','2026-01-02 00:43:25');

/*Data for the table `trprogramreportschedule` */

insert  into `trprogramreportschedule`(`id`,`program_id`,`tanggal`,`keterangan`,`created_at`,`updated_at`) values (1,1,'2024-10-25 00:00:00','ke mitra','2024-10-31 22:27:28','2025-12-24 00:22:52'),(2,1,'2024-11-03 00:00:00','ke partner','2024-10-31 22:27:28','2025-12-24 00:22:52'),(3,1,'2024-11-07 00:00:00','ke ceo','2024-10-31 22:27:28','2025-12-24 00:22:52'),(4,2,'2024-08-31 00:00:00','Interim Report','2024-11-15 11:20:04','2025-09-18 21:40:49'),(5,2,'2025-07-31 00:00:00','Final Report','2024-11-15 11:20:04','2025-09-18 21:40:49'),(6,4,'2024-12-07 00:00:00','This is Keterangan','2024-12-06 18:20:51','2025-12-22 23:56:54'),(7,5,'2024-12-06 00:00:00','Keterangan','2024-12-06 18:44:10','2024-12-11 23:30:42'),(8,3,'2024-09-30 00:00:00','Narative and Financial Reports','2025-01-17 14:14:22','2025-12-23 00:37:44'),(9,7,'2025-05-14 00:00:00','Orang Dengan HIV/AIDS','2025-05-13 12:38:21','2025-11-07 02:29:14'),(10,7,'2025-05-29 00:00:00','Gold Price Alert','2025-05-13 12:38:21','2025-11-07 02:29:14'),(11,8,'2025-06-19 00:00:00','test','2025-06-19 23:16:44','2026-01-02 00:43:25'),(12,8,'2026-01-02 00:00:00','Program X','2025-06-19 23:16:44','2026-01-02 00:43:25'),(13,9,'2025-06-22 00:00:00','Lorem ipsum dolor sit amet, consectetur adipiscing elit.','2025-06-20 18:14:44','2025-06-20 18:14:44'),(26,14,'2025-06-30 00:00:00','lorem epsum','2025-06-30 19:48:23','2025-06-30 19:49:37'),(27,14,'2025-07-03 00:00:00','lorem epsum','2025-06-30 19:48:23','2025-06-30 19:49:37'),(28,17,'2025-09-01 00:00:00','With over 11 million players, Fantasy Premier League is the biggest Fantasy Football game in the world. It\'s FREE to play and you can win great prizes!','2025-09-16 01:50:13','2025-09-16 01:50:41'),(29,17,'2025-11-01 00:00:00','990','2025-09-16 01:50:13','2025-09-16 01:50:41');

/*Data for the table `trprogramtargetreinstra` */

insert  into `trprogramtargetreinstra`(`id`,`program_id`,`targetreinstra_id`,`created_at`,`updated_at`) values (1,1,1,NULL,NULL),(2,1,49,NULL,NULL),(3,1,47,NULL,NULL),(4,1,46,NULL,NULL),(5,4,2,NULL,NULL),(6,4,3,NULL,NULL),(7,5,2,NULL,NULL),(8,5,3,NULL,NULL),(9,3,1,NULL,NULL),(10,2,1,NULL,NULL),(15,7,2,NULL,NULL),(16,7,3,NULL,NULL),(17,7,5,NULL,NULL),(18,7,6,NULL,NULL),(19,8,2,NULL,NULL),(20,8,3,NULL,NULL),(21,8,4,NULL,NULL),(22,9,2,NULL,NULL),(23,9,3,NULL,NULL),(24,9,4,NULL,NULL),(25,9,5,NULL,NULL),(38,14,2,NULL,NULL),(39,14,3,NULL,NULL),(40,14,4,NULL,NULL),(41,14,5,NULL,NULL),(42,15,13,NULL,NULL),(43,17,26,NULL,NULL),(44,17,25,NULL,NULL),(45,17,24,NULL,NULL);

/*Data for the table `trprogramuser` */

insert  into `trprogramuser`(`id`,`program_id`,`user_id`,`peran_id`,`created_at`,`updated_at`) values (1,4,3,2,NULL,NULL),(2,5,3,2,NULL,NULL),(3,5,1,3,NULL,NULL),(4,5,2,4,NULL,NULL),(5,7,1,2,NULL,NULL),(6,7,3,4,NULL,NULL),(7,8,3,1,NULL,NULL),(8,9,1,2,NULL,NULL),(21,14,1,1,NULL,NULL),(22,14,3,1,NULL,NULL),(23,14,2,2,NULL,NULL),(24,3,1,2,NULL,NULL),(25,3,2,3,NULL,NULL),(26,1,1,3,NULL,NULL),(27,17,1,2,NULL,NULL),(28,17,3,3,NULL,NULL),(29,2,1,3,NULL,NULL),(30,8,4,3,NULL,NULL),(31,8,1,4,NULL,NULL);

/*!40101 SET SQL_MODE=@OLD_SQL_MODE */;
/*!40014 SET FOREIGN_KEY_CHECKS=@OLD_FOREIGN_KEY_CHECKS */;
/*!40014 SET UNIQUE_CHECKS=@OLD_UNIQUE_CHECKS */;
/*!40111 SET SQL_NOTES=@OLD_SQL_NOTES */;
